family,signal,2023,2024,2025,2026,n_total
anchors,far_52wk_high,0.006602408907595612,0.005660466676989492,0.0032576259134196456,0.013919973575549928,13196
anchors,fresh_52wk_breakout,0.0494087174776654,-0.0014543577940750636,-0.017206992891730707,-0.0015463566050354857,123
anchors,near_52wk_high,,0.008671985228299922,0.0032924570051492286,0.0025902526173380365,1574
breakouts,donchian20_dn,0.006181244040386733,0.0008023627281512675,-0.003545303471971854,0.006409106854992897,2647
breakouts,donchian20_up,0.008088212720481307,0.004510800743241362,0.00015294845015326118,0.005497237319999413,2941
breakouts,donchian20_up_hotvol,0.023733249072727898,0.011208704434412334,0.011037395426079762,-0.002498368981976863,403
breakouts,donchian55_dn,0.02143376361854798,0.00014698179007733428,-0.001949892576901181,0.011631328460360362,1373
breakouts,donchian55_up,0.01637714153977234,0.00533387408023778,-0.0008695368637262452,0.006016581813243119,1907
breakouts,donchian55_up_hotvol,0.019478271939887715,0.0074517689520905124,0.0014938587830293133,-0.0004122169372190831,269
breakouts,orb_30min_dn,-8.080922083329436e-05,0.00015777452042906333,-0.0007121832554633822,-0.0005307962231968864,3817
breakouts,orb_30min_up,-0.0003062036609340991,-0.000654633915862784,0.0005100654290031331,-1.3408002129505408e-05,3885
breakouts,vcp_breakout,0.15121284909657717,0.024543436719499434,-0.011659138805900193,-0.005306725047407257,4
candles,bear_engulf,0.0022672645019053707,-0.0018900606945171003,0.0021521328583054286,0.0019075336398206551,1084
candles,bear_harami,-0.003948378009248377,-0.00038486127207625477,0.0010181430228328903,-0.0016056544947373862,1436
candles,bull_engulf,-0.008977532881361688,0.0019078147633488684,0.0015412560358020269,-0.004840374076601884,1095
candles,bull_harami,-6.236560030192745e-05,0.0002809805232290096,0.0007610350079082775,0.0020543284622075056,1328
candles,dark_cloud,0.015497279770862307,0.006861672124105194,0.011010674702886159,-0.00505066071379069,98
candles,evening_star,0.000696550973696114,-0.0036299087553725335,0.00011600062656922715,-0.0017673934653779648,565
candles,hammer,0.017515880278265245,-0.010257213546280888,-0.002807609127348544,0.006685704853386521,183
candles,morning_star,-0.0021946253697377703,-0.0020808986563346315,1.7751723053414526e-05,-0.010005190604490635,545
candles,piercing,0.012215590851227504,0.0020057850393107248,-0.007030404382008012,-0.007502213671767592,126
candles,shooting_star,-0.009273206171618985,-0.005900003698904405,0.0022040916068561227,-0.0026026441482439816,211
candles,three_black_crows,0.017836451584450616,0.01669375119470397,0.0055771693287447275,-0.0052765846883686286,248
candles,three_white_soldiers,-0.01847905031131169,0.002447287688918083,0.0023558094598374493,0.0017457418971548934,313
fundamentals,quality_breakout,0.021664548422579196,0.00441700160861503,0.000159712257101766,0.00849665966117426,690
fundamentals,quality_long,-0.034234153619759185,0.01835427237592665,0.016142645497787607,0.002762641916295436,245
fundamentals,quality_short,0.06284599241536785,-0.003930634278344953,-0.0019457876436729572,-0.0057405899892461875,210
gaps,gap_dn_huge_news,-0.004056963876730839,0.004254046745889866,0.006779157972514397,0.0030121504603645155,47
gaps,gap_dn_huge_news_hotvol,-0.02172656640968127,0.004577366140581196,0.010315736741404872,0.0030121504603645155,42
gaps,gap_dn_huge_nonews,,0.02333245895995062,,-0.01747653783818759,2
gaps,gap_dn_large_news,-0.0025089886472217456,0.0018697475582793589,0.0004879824760693464,-0.005427858028077345,168
gaps,gap_dn_large_news_hotvol,-0.002347476677530319,0.002520542083805187,0.0019381503676340385,-0.005427858028077345,158
gaps,gap_dn_large_nonews,-0.010508849911025502,-0.00013285678296524317,0.004903753163557378,0.006565015184816624,325
gaps,gap_dn_mid_news,-0.010045193754035614,0.015103601394647044,0.011057838616847615,0.013502898602474327,82
gaps,gap_dn_mid_news_hotvol,0.001195231246617856,0.014815322290530593,0.007844930952686683,0.012046196218842113,76
gaps,gap_dn_mid_nonews,-0.0003860551832191967,0.003223747380323455,0.0021067206076790953,0.002616950508062013,2546
gaps,gap_dn_small_news,0.006798411641980616,0.0036938245136991315,-0.004127736817548189,0.011156312333864757,44
gaps,gap_dn_small_news_hotvol,0.00985516028554075,0.0048910923670236126,-0.008304899546102716,0.011156312333864757,41
gaps,gap_dn_small_nonews,0.0024632246757312877,0.0017270472139192116,0.0005102608528934243,0.0003739909223388695,9630
gaps,gap_up_huge_news,-0.004374720259435034,-0.0019286984358525827,-0.005000103755430115,-0.005133188394256842,58
gaps,gap_up_huge_news_hotvol,-0.006032254038656307,4.959852977939444e-05,-0.005000103755430115,-0.003437725460062874,54
gaps,gap_up_huge_nonews,,0.03173611378573834,-0.004950584066894008,-0.027247543746838465,8
gaps,gap_up_large_news,-0.009123780215320646,-0.0030030527211595435,-0.007431988098216493,0.001377893410113815,157
gaps,gap_up_large_news_hotvol,-0.013962523447920427,-0.0018881730566008747,-0.007908559775214421,0.0015907421765654485,146
gaps,gap_up_large_nonews,-2.6525107875730963e-05,0.0028702091892732276,0.010786805883151018,0.008688816346211188,331
gaps,gap_up_mid_news,0.0053774004194398015,0.004071677998865857,-0.011980446517506555,0.009737571506324962,83
gaps,gap_up_mid_news_hotvol,0.003625341887768474,0.004071677998865857,-0.011980446517506555,0.009737571506324962,80
gaps,gap_up_mid_nonews,-0.0006099443983975568,0.000935840375417787,0.0025996585530776123,0.003516832944593243,2659
gaps,gap_up_small_news,0.020429094680801414,-0.008214672522845029,0.0007719265261899796,-0.002672537007245285,54
gaps,gap_up_small_news_hotvol,0.05871704399193464,-0.01382252797354449,-0.0018183761314227941,-0.002672537007245285,48
gaps,gap_up_small_nonews,0.0013777947504118742,0.0014364815382194255,0.0007379100701079216,0.0010414135008140794,9625
levels,avwap_loss,-0.0002909475369252573,0.00272940441230991,0.0011962136655949806,0.0026826554017449784,2058
levels,avwap_reclaim,-0.0008580555768513826,-0.0030665538922230793,-0.0034890409903954567,-0.004735833599313633,2102
levels,bounce_resistance,-0.00037143324845058157,0.00023103555924573334,0.0014325331357539905,-0.0015699457364780226,6477
levels,bounce_support,-0.0004690723838098657,-5.2397002027465225e-05,0.000779498462129532,-0.004184840131910052,6639
levels,break_resistance,0.009891793273502293,-0.001248099311214853,-0.002063077257952096,-7.727745421186494e-05,1512
levels,break_support,-0.00345637449388761,0.0005018414631702442,-0.0006098226801988183,0.0015378363029273012,1361
levels,ma200_bounce,,-0.0041975350384942265,0.0029887673300048765,-0.0023041531857359407,562
levels,ma200_loss,,-0.0034595365994248926,0.004573373826565915,-0.0030761929727975727,546
levels,ma20_bounce,0.001352299850537389,0.0034410301487341885,-0.0012887307746305547,0.0030081686826782103,2783
levels,ma20_loss,-0.002594631008863993,0.001280766702279916,-0.0025513232589269336,-0.0006752028941074779,2589
levels,ma50_bounce,0.004455049184439121,-0.0005075396240748213,-0.0002776995198802085,0.001476872670328982,1597
levels,ma50_loss,0.006668602446692833,0.0002791083804080986,-0.002735463568383362,-0.0034895526346943383,1533
levels,round_number_above,-0.0017563742887470636,-0.0006129981268324935,0.00025707463381552907,-0.0008697830508917267,2935
levels,round_number_below,0.0008019155836031853,0.00010292367504511931,-0.002809178721533047,-0.0002607863659938776,3141
lmw,bear_flag,0.005829734486890894,0.04587580573896265,0.01140511094006633,0.1331000726992656,38
lmw,broadening_bottom,,-0.1225932982120737,0.04437065911954487,,10
lmw,broadening_top,0.026384522403508304,-0.013123563787744402,-0.06494373174358703,-0.08030630244308118,20
lmw,bull_flag,-0.018471881122286666,0.016954195078257937,-0.013934319000464528,-0.01994219390814162,127
lmw,cup_handle,,0.024155617036429638,-0.017353982810942515,0.03903824855644702,281
lmw,double_bottom,,0.0027258015896028985,-0.0041590777978856375,-0.01443020410492734,66
lmw,double_top,0.047482802375462985,0.006436522947228485,0.005317475615989427,0.0031237541948947356,66
lmw,head_shoulders,,-0.01852632036340644,0.016728330440402308,-0.009174566810611295,19
lmw,inv_head_shoulders,-0.00420608717210702,0.005743185266545714,-0.04608475528052539,-0.04382120352218094,19
lmw,rectangle_bottom,,0.010839347421603085,,,1
lmw,rectangle_top,,-0.04123203880465994,-0.1545837127288912,-0.06921999868578244,6
lmw,triangle_bottom,0.06283532519359902,0.008071070425778731,-0.021101562433584575,-0.004004390417033488,11
lmw,triangle_top,,0.021593541939632033,0.07193537272302508,-0.005488301601335695,13
novel,amo_reclaim_long,0.0021760722687696617,0.0052529749222775006,0.0014750806051530235,-0.0006715379376734759,893
novel,amo_stretch_short,0.014095047636232214,-0.001041345995825376,-0.0009271865130217128,-0.0019657309089851343,10704
novel,cer_expansion_long,,-0.015197895524023433,0.019822170589713167,-0.01089916599434545,33
novel,cer_expansion_short,,0.01639390506604077,0.006264488450424081,0.006774622422768661,25
novel,gap_echo_continuation,0.010382556247761663,0.009278472996912337,-0.004229892227922886,0.01110847342298767,293
novel,liquidity_vacuum_fade,0.0019260716266887982,-0.0012742147676120764,-0.0010409708120884581,0.0021438608176699726,2173
novel,spi_dipbuy_long,,-0.026135789252072866,-0.012052440666717387,-0.008111121990539158,38
novel,spi_rejection_short,-0.016060952125069194,0.013816952326169196,0.04061577929287965,0.04482739396210286,38
novel,tpi_pullback_long,0.006406479245843509,-0.0028257350644135073,-0.010567589925360152,-0.0034142340467677,517
novel,tpi_rally_short,0.008130325883712798,-0.0025551056023578006,0.010955694689104685,-0.005396965021155363,486
trend,bollinger_breakout_up,0.005665440780601236,0.001653685146703909,-0.004881388057213797,0.006022034658656446,1462
trend,bollinger_revert_long,-0.0044904416822183785,0.0009286514765753916,-0.00025514226404707064,-0.0031086892236607067,1604
trend,keltner_breakout_up,0.026897703528148287,0.0014750128519207656,-0.0036152161581833563,0.005687127001553099,1250
trend,ma_cross_20_50_dn,-0.016018343897994284,0.00984286873184628,-0.008382530392010703,0.017674426819947762,507
trend,ma_cross_20_50_up,0.018004063812177794,-0.019997353267624352,0.00878635454432958,0.000911250524958817,484
trend,ma_cross_50_200_dn,-0.0034614668175476796,-0.00900787603627626,0.010079434125442112,-0.029964555714204665,149
trend,ma_cross_50_200_up,,-0.0015228312979828351,0.031270822208962254,-0.008126788562440566,133
trend,ma_cross_5_20_dn,-0.005123143853714207,0.005195675822096887,-0.006556881929591537,0.007130014067536556,1406
trend,ma_cross_5_20_up,0.007117863089329608,0.004023890442628376,0.00018523916066901107,0.008167466769637153,1392
trend,tsmom_12_1_dn,,0.005215020141788487,-0.0002693919693445055,-0.0006567498304651142,8800
trend,tsmom_12_1_up,,0.007423330627724865,-0.0010091604666674708,0.0035808939670187237,16827
trend,xs_momentum_loser,,0.03360496942957661,0.015065176481604135,0.017744330279814834,132
trend,xs_momentum_winner,,-0.014623045910761277,0.00533046605111889,-0.015184555385865394,154
volume,accumulation_divergence,-0.013353452409942077,0.01327855757389571,-0.006034227433099673,-0.008322353647524613,1106
volume,distribution_divergence,-0.03475393835208054,0.004559076262049059,-0.0021301814703749947,0.008898882239698624,1637
volume,high_volume_premium,0.0272817370030596,0.014433590051737636,-0.0166463241875051,-0.026664579055192577,77
volume,obv_confirmed_breakout,0.030498435349717752,0.007879294858537611,0.0019301758238398255,0.009778614038645357,3518
volume,rvol_spike_dn,-0.010935171223992145,0.011813633153103357,-0.0014147005262436037,0.028172485446005778,118
volume,rvol_spike_up,-0.030636407867110728,0.004109750584840893,0.0012951268665782041,0.003748799160751957,99
