family,signal,n,direction,horizon,abn_1,abn_2,abn_3,abn_5,abn_10,abn_20,hit,tstat,net_per_trade,net_daily_equiv
anchors,far_52wk_high,13196,-1,20,0.0003280184892350921,0.0005601423023742424,0.0008538173259795132,0.001254734474799049,0.0031895292547518637,0.005868105767593059,0.5439013178057003,5.6676174882778305,0.004368105767593059,0.00021840528837965297
lmw,triangle_top,13,-1,10,0.002529532089032778,0.0020024005383532275,0.0015739924982274278,-0.005828517300275833,0.03470612834686758,0.030281008980382627,0.6153846153846154,4.929763565516313,0.03320612834686758,0.0033206128346867578
volume,obv_confirmed_breakout,3518,1,10,0.0005647869916788049,0.0020494938140585067,0.003400034862822929,0.0037574067995574355,0.006554945996726473,0.004827715486352488,0.5169909962242231,3.9187050660303875,0.005054945996726472,0.0005054945996726473
candles,three_black_crows,248,-1,3,0.00448469417487937,0.00913403464942765,0.01066751379533816,0.013799069335281553,0.014960296533857737,0.014150638718431871,0.5725806451612904,3.5466400268373106,0.00916751379533816,0.0030558379317793868
gaps,gap_dn_mid_news_hotvol,76,-1,2,0.006901837515976272,0.010414047023658762,0.009509167216986391,0.01652275996364324,0.032910940956356764,0.040096506098332686,0.5921052631578947,3.266937107242396,0.008914047023658762,0.004457023511829381
gaps,gap_up_small_nonews,9625,-1,2,0.0011415588684159526,0.0011165356734965778,0.0006592138218516044,0.0005900681236637031,0.0014840796378186266,0.0009528547109185352,0.5191746561067111,3.003851340284126,-0.0003834643265034222,-0.0001917321632517111
gaps,gap_dn_small_nonews,9630,1,2,0.001046144479402771,0.0011403357680803393,0.0010700259946064105,0.001038537953666183,0.0009616251778697181,0.0010859347831693091,0.5010934083099031,2.982080945495808,-0.00035966423191966077,-0.00017983211595983038
gaps,gap_dn_mid_nonews,2546,1,2,0.0032512202131109976,0.002280106627209645,0.0012529198870781578,0.0017602838289805039,0.003945054542525862,0.002852647568278577,0.5100354191263282,2.8674333525361897,0.0007801066272096449,0.00039005331360482246
gaps,gap_dn_mid_news,82,-1,2,0.0071212254775093135,0.010065988112902775,0.00956408342460075,0.016498844925951307,0.03310502240986116,0.03997385964720852,0.6097560975609756,2.830664096927976,0.008565988112902776,0.004282994056451388
gaps,gap_up_large_nonews,331,-1,2,0.004329147638474882,0.006131553331479327,0.005927116924464862,0.0063735124962270295,-0.001152524245257544,0.0005322677859533256,0.5805471124620061,2.752328922404134,0.004631553331479327,0.0023157766657396633
gaps,gap_up_mid_nonews,2659,-1,2,0.0018464500684882484,0.0018290931871313121,0.0017076870351615317,0.0027674971070796596,0.0018115294277003917,0.004633102777673792,0.5334088335220838,2.306509111099024,0.0003290931871313121,0.00016454659356565605
breakouts,donchian20_up_hotvol,403,1,10,-0.0016290282033258692,-0.0014165440497012174,0.0018635208865943882,0.0019928294492667746,0.008867640009524787,0.0111817635507682,0.531328320802005,2.2933871349629036,0.007367640009524787,0.0007367640009524788
breakouts,donchian20_up,2941,1,10,-0.0008950420715565237,-0.00036531887381653156,0.0004575171943606889,0.0010678274877218015,0.0031658474658602547,0.002911922341443843,0.502092050209205,2.224281190707654,0.0016658474658602547,0.00016658474658602548
trend,tsmom_12_1_up,16827,1,20,5.32839449220717e-05,0.00015419579025114784,0.00021413386535322953,0.0003913466235850635,0.0006715836507401307,0.0016151678414805895,0.48925939802672663,2.2016327970724694,0.00011516784148058942,5.758392074029471e-06
novel,spi_rejection_short,38,-1,5,0.005308995571725419,0.008111922372042314,0.014340989292343995,0.024271566031060093,0.0417579049622735,0.036615796793116336,0.6842105263157895,2.129327031557114,0.022771566031060092,0.004554313206212019
trend,xs_momentum_loser,132,-1,20,-0.0006586436406081693,-0.0010397191597061057,-0.0023728372878193036,-0.0019339787610233668,0.002878829002205948,0.018479190845088977,0.5952380952380952,2.060864925058999,0.016979190845088976,0.0008489595422544489
lmw,bear_flag,38,-1,10,0.0052642779926938815,0.006615185552881469,0.010451467320875327,0.012457985328631268,0.017876345672560787,-0.0005087920811837124,0.6052631578947368,1.7099833194609038,0.016376345672560785,0.0016376345672560785
breakouts,donchian55_dn,1373,-1,10,0.00021106888741224101,0.0009740798852094284,0.0009654381396614294,0.0028740996740487233,0.0040465505869362066,0.00772319931021787,0.5377842993396919,1.6714548688243234,0.0025465505869362065,0.00025465505869362066
breakouts,donchian55_up,1907,1,10,-0.000978161601745693,-0.0005613916380564083,0.0004444980593588466,0.0011784755444178194,0.003127241556102182,0.0028133849645627304,0.5064516129032258,1.6440539691941158,0.0016272415561021819,0.00016272415561021817
levels,avwap_loss,2058,-1,5,0.00020704104660460292,0.0008194706758022013,0.0010310247042975324,0.001930175439512709,0.003219448139788877,0.0025877523060386025,0.5217179111761835,1.6098864502152064,0.00043017543951270887,8.603508790254177e-05
candles,dark_cloud,98,-1,3,0.003293867160182839,0.0056192185524902094,0.0055970900270957856,0.0037443418175706375,0.0087309216410393,0.01759349075646034,0.5612244897959183,1.3882859438953976,0.004097090027095785,0.001365696675698595
fundamentals,quality_breakout,690,1,10,-0.0013999273906787374,-0.0011755261189588227,0.00014593962762345666,0.001570624435942474,0.004134453908507501,0.005092732537751011,0.5007451564828614,1.3711342326179068,0.0026344539085075007,0.00026344539085075005
fundamentals,quality_long,245,1,20,0.0009768707664455283,-0.00034778777655577054,-0.0002462195294211728,-0.0007153713357005789,0.004828838578683674,0.008635360338332556,0.5126050420168067,1.3278597001321668,0.007135360338332557,0.00035676801691662786
novel,amo_reclaim_long,893,1,5,4.367156450938171e-05,0.0008889235613567428,0.0022005196551644637,0.0027904607925700723,0.0021525779292360706,0.0030944544961134385,0.5280898876404494,1.278701395206043,0.0012904607925700723,0.00025809215851401444
levels,ma20_bounce,2783,1,5,0.00064955478638566,0.0011061257995638172,0.0006748428925942782,0.0014745784190365646,0.001600208922636039,0.003781090727054161,0.5010838150289018,1.2467271279603673,-2.5421580963435426e-05,-5.084316192687085e-06
volume,rvol_spike_dn,118,-1,5,0.001391027718286302,0.0029998442807384748,0.002792246183205096,0.005923020640859049,0.011896150749819905,0.015431975659342807,0.5299145299145299,1.2150300906448193,0.00442302064085905,0.00088460412817181
trend,tsmom_12_1_dn,8800,-1,20,0.0002356474040731042,0.00034542760023557477,0.0004077613115203347,0.0006689058098395198,0.001172774425504697,0.0013560108640717954,0.5289643066120538,1.1505511003733073,-0.00014398913592820464,-7.199456796410232e-06
trend,ma_cross_5_20_up,1392,1,20,-0.0009104010158196576,-0.0010348574467861683,-0.000841787781454849,-0.0009740652407068724,0.0012540564996699965,0.003389428910635694,0.505584512285927,1.1203361414001447,0.0018894289106356939,9.44714455317847e-05
lmw,cup_handle,281,1,20,-9.490505504647005e-05,-0.00020667136415688275,-8.194266629241046e-05,0.0008889366659496642,0.0019583181062819105,0.013924773868015423,0.5410447761194029,1.1126414382120744,0.012424773868015423,0.0006212386934007711
anchors,near_52wk_high,1574,1,20,0.0005782270372617836,-4.865956638484441e-05,0.002252482420078549,0.0031132627907600875,0.0040756816284040895,0.004169968121407353,0.502970297029703,1.0665043512191046,0.0026699681214073533,0.00013349840607036767
novel,gap_echo_continuation,293,-1,10,0.0002836448336605108,0.001339691891374692,-0.0003962887627024837,0.002273949251097935,0.004515221382305465,0.004389936809075298,0.5223367697594502,1.0430085246917538,0.003015221382305465,0.0003015221382305465
novel,tpi_rally_short,486,-1,5,0.0006639363853030161,0.0003376813235346888,-0.00013764681754927034,0.002872366722250091,0.005740762050827905,0.004283535650407043,0.5288065843621399,1.0385343184619749,0.0013723667222500908,0.00027447334445001816
lmw,double_top,66,-1,10,-0.0005820640507506528,-0.004228276468015838,-0.00418843434599566,-0.000596924792922595,0.006048516056457405,0.014659934761342468,0.5303030303030303,0.983261771957824,0.0045485160564574054,0.0004548516056457405
trend,ma_cross_50_200_up,133,1,20,0.004838684941293236,0.004144665848291883,0.006584566003034702,-0.001943455185859618,0.010706505456525732,0.008933847776565728,0.4961832061068702,0.959569779935054,0.007433847776565729,0.00037169238882828643
gaps,gap_dn_small_news,44,-1,2,-0.002543483197333196,0.00341139897925203,0.0006877270095835123,0.007567395952682657,0.013841035606503054,0.005695302967137117,0.5681818181818182,0.9560760666742159,0.00191139897925203,0.000955699489626015
gaps,gap_dn_small_news_hotvol,41,-1,2,-0.0022044219831388275,0.0032996352012051337,0.0003210520612409383,0.007794909487327856,0.01761042879589538,0.009652310684667237,0.5853658536585366,0.9062436697300913,0.0017996352012051337,0.0008998176006025668
novel,cer_expansion_short,25,-1,5,2.9604293661305013e-05,-0.001632528941946747,0.00026984641597390893,0.007238084650823682,-0.004739113757679301,6.761434090109462e-05,0.68,0.8985410767114828,0.005738084650823682,0.0011476169301647364
gaps,gap_dn_huge_news,47,-1,2,0.0022585296507232765,0.004093389429738104,0.007742856505780327,0.014240830690428394,0.013057262825238301,-0.005145052262193074,0.5319148936170213,0.8985350612475451,0.002593389429738104,0.001296694714869052
gaps,gap_dn_huge_news_hotvol,42,-1,2,0.001240648418436849,0.004091528659264167,0.0098649878556856,0.01604943409137695,0.018169966048659295,-7.061017091689445e-05,0.5238095238095238,0.8526146699784127,0.002591528659264167,0.0012957643296320836
gaps,gap_dn_large_nonews,325,1,2,0.002061274780200154,0.0017704355154520763,-4.182837214943451e-05,0.0016972438058996298,-0.007354625297933976,-0.0049962210178308986,0.5538461538461539,0.8151311614129477,0.0002704355154520763,0.00013521775772603814
breakouts,donchian55_up_hotvol,269,1,10,-0.0023632428033149282,-0.0028054172430377173,0.00015682777776114526,-0.000510998086207212,0.003527167147797516,0.007021001568991655,0.5168539325842697,0.7550989706207043,0.002027167147797516,0.00020271671477975158
breakouts,donchian20_dn,2647,-1,10,-0.00010181451572993181,0.0008458472512880779,0.00032936031182952255,0.0013186569234229849,0.0012017043545685616,0.0013769489905236408,0.5257142857142857,0.7525439112395829,-0.0002982956454314384,-2.982956454314384e-05
candles,bull_harami,1328,1,3,-0.0008176981470160164,-0.0008522805185745355,0.0006876991864951598,-0.00027448306205614105,-0.0001694280541383855,0.0004522563865860308,0.4935849056603774,0.5855604242501115,-0.0008123008135048403,-0.0002707669378349468
candles,bear_engulf,1084,-1,3,0.0011758641448922956,0.0016920530678043596,0.0007404387537437687,0.001790160753215048,0.003221535345912464,0.007530821633257016,0.5013876040703052,0.5489194247764805,-0.0007595612462562313,-0.00025318708208541045
levels,bounce_resistance,6477,-1,3,0.0007465439267156755,0.0009525845181745999,0.00026930300871861695,7.05365345215854e-05,-0.0007442112018166238,-0.001190305682503723,0.5114835505896959,0.49353695872025694,-0.001230696991281383,-0.0004102323304271277
volume,distribution_divergence,1637,-1,10,0.0008136606505317804,0.0008225874898107039,0.000452411853950364,-0.00044609840056292536,0.0015503902604889139,0.006258207462541764,0.5116564417177915,0.4828990543198019,5.039026048891384e-05,5.0390260488913844e-06
novel,cer_expansion_long,33,1,5,0.002495836708637806,0.008552282400043982,0.0047292929370092475,0.0036554905108692366,-0.002234686902197396,0.008906954081160405,0.5,0.4732980743698802,0.0021554905108692366,0.00043109810217384733
fundamentals,quality_short,210,-1,20,0.003653954963402109,0.0015598259644134674,-0.0007924010860238597,-0.002532265783163083,0.0018837058706674366,0.004306569607699394,0.4852941176470588,0.4561243571455809,0.002806569607699394,0.0001403284803849697
candles,three_white_soldiers,313,1,3,0.0012839412482417438,0.0017090111266166242,0.0009787530287028096,-0.0041195277904244295,-0.001501191765284706,0.0031091634610576173,0.5032258064516129,0.4381238263828467,-0.0005212469712971904,-0.0001737489904323968
lmw,triangle_bottom,11,1,10,0.006289595417412828,0.01448107268839111,0.013504242339899674,0.0171841424608724,0.0033544473055828043,0.061394125398445666,0.36363636363636365,0.4335084349809265,0.0018544473055828042,0.00018544473055828042
trend,keltner_breakout_up,1250,1,10,-0.0012899382507350692,-0.0011404564750324068,-0.0016931566622861056,-0.0008514396252966502,0.0009358852914303515,0.0015182555052134915,0.5106732348111659,0.42484212297252344,-0.0005641147085696485,-5.641147085696485e-05
gaps,gap_up_huge_nonews,8,-1,2,0.01060070028730814,0.003232687707857007,0.004841784823235676,0.009613842371327203,0.021578797795634375,,0.75,0.23940521075120633,0.001732687707857007,0.0008663438539285035
volume,rvol_spike_up,99,1,5,-0.0014078023035548376,-0.0023179872340460365,0.0008663259883200245,0.0011756223132956885,-0.020406284687703734,-0.011214223544400938,0.5510204081632653,0.22535360696940357,-0.0003243776867043115,-6.487553734086231e-05
lmw,head_shoulders,19,-1,10,-0.004939423829275819,0.007812852519272983,0.009262441597036188,0.01327949713643818,0.0028686620548823254,-0.0054891205002121374,0.47368421052631576,0.15958800721774144,0.0013686620548823253,0.00013686620548823252
trend,bollinger_breakout_up,1462,1,5,-0.0002645647345610812,0.0006931029784371411,-0.00046477154153202956,0.0002366343719276918,0.000871900288724986,0.00284723204572749,0.5013888888888889,0.15659004100599963,-0.0012633656280723082,-0.0002526731256144616
levels,ma200_loss,546,-1,5,0.0004032982964847743,0.00016467296938726787,0.0012146318295835046,0.00040471470844324247,0.006831133867950899,0.009921503810124731,0.4953789279112754,0.13631017321757463,-0.0010952852915567576,-0.0002190570583113515
gaps,gap_dn_large_news_hotvol,158,-1,2,-0.002954340019414992,0.00029933472882934416,-0.0005164091770918254,0.0029298471826910252,0.0044184658635375304,-0.0024477394736521925,0.5253164556962026,0.09627647772116284,-0.0012006652711706559,-0.0006003326355853279
volume,accumulation_divergence,1106,1,10,0.0006201812842109424,-0.00030899575869933475,0.0002881679458486932,-0.000885502809532553,0.0003212884777211357,0.000477207289369049,0.4981684981684982,0.07525452053582699,-0.0011787115222788643,-0.00011787115222788643
levels,ma50_bounce,1597,1,5,0.00031588275808251605,5.192539524434757e-05,-0.0004315384811695434,6.655860118657541e-05,-0.0008822530823728711,0.0009989546615612333,0.49620733249051835,0.044985926085222255,-0.0014334413988134247,-0.0002866882797626849
trend,ma_cross_20_50_dn,507,-1,20,-0.001251107784175809,-0.0006611339933866084,-0.001727682923488553,-0.001875800586338652,-0.0014800611033829526,0.00015530327917830404,0.5316973415132924,0.026622772440023812,-0.001344696720821696,-6.72348360410848e-05
gaps,gap_up_mid_news,83,1,2,0.00041086929092080596,-4.67653610331861e-05,-0.0011921584501102924,0.0015502563826704878,0.003337673396832375,-0.006760202479495723,0.4939759036144578,-0.011467461201750169,-0.001546765361033186,-0.000773382680516593
trend,ma_cross_5_20_dn,1406,-1,20,0.00041573550099514584,0.0001298044043164843,0.00040874308695379864,0.0006445959964657782,0.0006223060624565865,-0.0001537892210933812,0.5210755813953488,-0.05272850406316497,-0.0016537892210933811,-8.268946105466906e-05
levels,ma200_bounce,562,1,5,0.0006482501467545503,0.0006337214127246499,0.001284528415617243,-0.00027918148947391294,-0.0010059589887317516,-0.009839322536373088,0.46953405017921146,-0.10149242092963634,-0.001779181489473913,-0.00035583629789478257
gaps,gap_up_mid_news_hotvol,80,1,2,0.0004294339941340694,-0.00046917889425983903,-0.0012519667043646306,0.0012166257933887551,0.003373541636888325,-0.006708598105741295,0.4875,-0.11153728296195563,-0.001969178894259839,-0.0009845894471299196
lmw,broadening_bottom,10,1,10,-0.00131966368815547,0.00372674040257569,-0.014580738187447262,-0.03994972278042269,-0.005718528079940699,-0.012395102551798532,0.3,-0.13041733268095973,-0.007218528079940698,-0.0007218528079940698
gaps,gap_dn_large_news,168,-1,2,-0.0034594492111574547,-0.00039105329172236354,-0.000950516818394814,0.0026111655283632684,0.0035072979080728013,-0.003392932036342671,0.5059523809523809,-0.13572248860047137,-0.0018910532917223635,-0.0009455266458611817
breakouts,orb_30min_up,3885,1,1,-8.059206902225176e-05,-0.00010155947713297792,-0.00042998862059664386,-0.0007200595391845041,-0.00036697796986971123,0.0003049674101311291,0.4872389791183295,-0.2025798008956933,-0.0015805920690222517,-0.0015805920690222517
gaps,gap_up_small_news,54,1,2,-0.0026668392358352843,-0.0012403821769554737,0.006592250265943649,0.0042866680682694235,-0.008842055032782499,-0.00020403013588671888,0.46296296296296297,-0.21246159950498353,-0.0027403821769554737,-0.0013701910884777368
novel,liquidity_vacuum_fade,2173,-1,3,0.00032470367786434557,-0.0002835264074705289,-0.00019784723389847474,-0.0008694417685560882,-0.00036588991868757577,-0.002089941242563385,0.5006941230911615,-0.22783837320613823,-0.0016978472338984747,-0.0005659490779661582
lmw,bull_flag,127,1,10,0.0016831653233915808,0.0012371944061772883,0.0025832034166683015,-0.0013113294014092751,-0.002178385213703882,-0.012705600502211683,0.4881889763779528,-0.23780048974359075,-0.003678385213703882,-0.0003678385213703882
gaps,gap_up_small_news_hotvol,48,1,2,-0.002961171760003859,-0.0014710599293146314,0.006731343379384258,0.004758733715606897,-0.009925470085757018,-0.0020271970764528247,0.4583333333333333,-0.2448158771082405,-0.002971059929314631,-0.0014855299646573156
levels,break_support,1361,-1,5,-0.00012996339303330442,-0.0006318143517976703,-0.0002627857397404934,-0.00037814531290222516,-0.00044829051837993127,-0.001354897416657251,0.5220913107511046,-0.24483066120934965,-0.0018781453129022253,-0.00037562906258044505
volume,high_volume_premium,77,1,10,0.0005204887243752619,0.002268647326651494,0.0004100518844540158,-0.00787872878230053,-0.003333400964051404,-0.016454186055390528,0.4868421052631579,-0.27371722226126083,-0.0048334009640514045,-0.00048334009640514045
candles,bear_harami,1436,-1,3,0.00012412403079987093,-0.0004395792602164129,-0.0003755427654952454,-0.0006534004697306453,-0.0004902269653863506,0.0012370886519374078,0.5,-0.31915797636231397,-0.0018755427654952453,-0.0006251809218317484
candles,hammer,183,1,3,0.0004337409786736973,0.00032556659773150666,-0.0012063089925635653,0.0006914854547594995,0.003312154750355317,-0.004805572337181435,0.5081967213114754,-0.32853771692785294,-0.0027063089925635653,-0.0009021029975211885
trend,xs_momentum_winner,154,1,20,-0.0021831663342116734,-0.0011105559623093024,-0.0030204765889591525,0.00011876037457154176,0.009049098423715133,-0.0033814703540023584,0.4489795918367347,-0.36346927487179825,-0.004881470354002358,-0.00024407351770011792
trend,ma_cross_50_200_dn,149,-1,20,0.002606803641926016,0.0031098689063406176,0.0014883449854680704,0.00012868428452541563,-0.004804747275592174,-0.003144623847016559,0.5167785234899329,-0.3784045240252981,-0.004644623847016559,-0.00023223119235082795
candles,piercing,126,1,3,0.001662583538022287,-0.0024903761840387837,-0.0019241678417932678,4.434885515523312e-05,-0.00935373111864205,-0.018258240581170253,0.46825396825396826,-0.45340559381897905,-0.0034241678417932676,-0.0011413892805977558
levels,break_resistance,1512,1,5,-0.0011563392263525278,-0.0004850268302863739,-1.6941647580816617e-05,-0.0006909138512903163,0.0003508303488449668,0.002505733805929496,0.48460508701472554,-0.4899078644228049,-0.002190913851290316,-0.00043818277025806324
candles,bull_engulf,1095,1,3,0.0006803502588984174,0.0004058618162072852,-0.000642375395989198,0.001589942821481409,0.003449057559300443,0.00762251787119807,0.4944954128440367,-0.49241689162053137,-0.002142375395989198,-0.0007141251319963994
lmw,double_bottom,66,1,10,-0.002943272546504396,-0.0041094891411798925,-0.0056374790147278595,-0.005514482100778783,-0.003781199472596601,-0.010677953696967743,0.48484848484848486,-0.5491005378801772,-0.005281199472596601,-0.0005281199472596601
trend,ma_cross_20_50_up,484,1,20,-0.00036337551030020393,-4.403360751274746e-05,0.00015375134488143766,0.00020376305381700725,0.0010469081684693024,-0.0036567991401881376,0.464818763326226,-0.5516061537805663,-0.005156799140188137,-0.0002578399570094069
trend,bollinger_revert_long,1604,1,5,-0.0011518713791117228,-0.0006681605514285351,-0.0007517547621520296,-0.0009642971813712883,0.001035787844058786,0.0002576831033534814,0.4759525296689569,-0.5648641186497498,-0.0024642971813712885,-0.0004928594362742577
levels,round_number_above,2935,1,3,-0.0003363753231821916,-0.0010909469737646561,-0.0005302496271994197,0.00034786682090254045,0.0010474425412237212,0.0013944122288206005,0.4863013698630137,-0.6154312143552059,-0.0020302496271994196,-0.0006767498757331399
gaps,gap_up_huge_news_hotvol,54,1,2,0.0005555438192135344,-0.0030388916686627633,0.0008570282305916161,0.0013836934850145661,0.009703398781592999,0.018103939170898184,0.42592592592592593,-0.6640128539931776,-0.004538891668662764,-0.002269445834331382
levels,ma20_loss,2589,-1,5,-0.0003408860972182294,0.0004861945377345609,-3.719855890653076e-05,-0.000753791794198269,-0.0007088534567486629,-0.0025597648817632435,0.5042569659442725,-0.6862044755517922,-0.002253791794198269,-0.0004507583588396538
breakouts,orb_30min_dn,3817,-1,1,-0.000301963614794816,-0.001070381960440217,-0.0012917723069596032,-0.001043956371129811,-0.0011521749844395563,-0.0027813196057654243,0.4976402726796015,-0.7275936589904946,-0.001801963614794816,-0.001801963614794816
candles,shooting_star,211,-1,3,-0.0036255028335618043,-0.002330134095283584,-0.0025532156920274494,0.00018046721773969869,0.001016098011448119,0.013545143487675186,0.5023696682464455,-0.8203554516531416,-0.00405321569202745,-0.0013510718973424832
gaps,gap_up_huge_news,58,1,2,0.00032743844778980886,-0.0038714909590579485,-0.0006079312246580147,-0.0007279117585159537,0.004937463607003549,0.012770780656563835,0.41379310344827586,-0.8633960025945422,-0.005371490959057949,-0.0026857454795289745
candles,evening_star,565,-1,3,-0.000840035535952891,-0.001808714781684256,-0.0016333791770689642,-0.001770464047121205,-0.0003183141574549441,0.0015535125518547363,0.511504424778761,-0.88886713727824,-0.003133379177068964,-0.0010444597256896546
levels,round_number_below,3141,-1,3,-0.00012460321022714132,-0.000504086934639278,-0.0008094774475449372,-0.0011646822458541047,-0.0019371674037038172,-0.002220696916256703,0.5025641025641026,-1.024956290473687,-0.002309477447544937,-0.0007698258158483124
levels,bounce_support,6639,1,3,-0.0002602210471541608,-0.0005874601694810733,-0.0005804070038758871,-0.0010060625760846017,-0.0016485387475030852,-0.0015128273786091638,0.49079384243887714,-1.059615715500638,-0.0020804070038758873,-0.0006934690012919625
levels,ma50_loss,1533,-1,5,0.00014266850462404205,9.114947337892778e-05,-0.0007741287714821826,-0.0015036092162965334,-0.000839738911193081,-0.0024645313524214187,0.5127367733507512,-1.1033252404159462,-0.0030036092162965336,-0.0006007218432593067
anchors,fresh_52wk_breakout,123,1,10,-0.0008085217142160389,0.0013459357127863802,-0.0009398033112335677,-0.0003466186957073606,-0.00767043041224124,-0.014963790007734845,0.47058823529411764,-1.2337775628410583,-0.00917043041224124,-0.0009170430412241239
candles,morning_star,545,1,3,-0.00015537715118130958,-0.0008227499061500247,-0.002702773724708567,-0.004873479664007977,-0.0032674011704443427,0.0014848042082296743,0.46593001841620624,-1.3987297480465823,-0.004202773724708567,-0.0014009245749028558
gaps,gap_up_large_news_hotvol,146,1,2,-0.0009375102224689153,-0.004504718323833094,-0.005839710928389705,-0.01165852399850828,-0.0099699011056606,-0.009973012650113019,0.4246575342465753,-1.530604988855468,-0.006004718323833093,-0.0030023591619165466
gaps,gap_up_large_news,157,1,2,-0.0015172949347015308,-0.004499107137466419,-0.005477241830299561,-0.011866341368752404,-0.009824232146437071,-0.01032867454643008,0.42038216560509556,-1.5983268142503453,-0.0059991071374664185,-0.0029995535687332093
novel,tpi_pullback_long,517,1,5,-0.0011759098743112108,-0.003916057234095868,-0.004058719037022628,-0.005612429509584411,-0.006011733207227073,-0.0013677890029253417,0.4368932038834951,-1.9171625368454126,-0.007112429509584411,-0.0014224859019168821
lmw,inv_head_shoulders,19,1,10,0.003086873920008977,-0.003108391818943968,-0.0040856576244183065,-0.01546735507430495,-0.02454784183554618,-0.0738553417002688,0.42105263157894735,-1.9679920159491517,-0.026047841835546183,-0.0026047841835546183
novel,spi_dipbuy_long,38,1,5,-0.003751643278651716,-0.006613539595068312,-0.006007360258827146,-0.01688562482585119,-0.027731650632363773,-0.003983574001655788,0.4473684210526316,-2.1824874857415257,-0.018385624825851193,-0.0036771249651702384
novel,amo_stretch_short,10704,-1,5,-0.00014249655988395497,-0.00043283564110314655,-0.0007710740486182134,-0.0012705940111319676,-0.002032366451569825,-0.004777859157312748,0.4995271420465292,-2.4106348959290083,-0.0027705940111319677,-0.0005541188022263935
levels,avwap_reclaim,2102,1,5,-0.0023740115034592986,-0.0025395043484482045,-0.0026206099637331184,-0.0033508584645169795,-0.0036339437100149376,-0.0049793762127658524,0.4743158905424868,-2.8698788962024464,-0.00485085846451698,-0.000970171692903396
lmw,broadening_top,20,-1,10,-0.01120317582534392,-0.024448393230988463,-0.017771912449207904,-0.028682357261482466,-0.0415521888490681,-0.009713866496533753,0.5263157894736842,-4.100119887215293,-0.0430521888490681,-0.00430521888490681
breakouts,vcp_breakout,4,1,10,,,,,,,,,,
gaps,gap_dn_huge_nonews,2,1,2,,,,,,,,,,
lmw,rectangle_bottom,1,1,10,,,,,,,,,,
lmw,rectangle_top,6,-1,10,,,,,,,,,,
