family,signal,2021,2022,2023,2024,2025,2026,n_total
anchors,far_52wk_high,-0.029420009813991427,-0.022273947487252695,0.008672408185634637,-0.008648969269865431,0.0011565821556105452,0.019087107183469634,2451
anchors,fresh_52wk_breakout,-0.08870644832768466,-0.01808380117386827,-0.01162897002737676,-0.02166927453303008,-0.01380697526691474,0.06599429526031197,27
anchors,near_52wk_high,0.0025191905534629033,-0.019231823723844268,0.01263962496260037,-0.01829848561320008,0.027576018733380298,0.03682704338167873,551
breakouts,donchian20_dn,-0.017112187079448293,-0.0029067189613090766,-0.0045002520023367555,-0.0037634500784334488,0.011733966639229,-0.0027640790751821557,634
breakouts,donchian20_up,0.006820485318542258,-0.0028053759251849618,0.0028199307769718376,-0.0037410501300517364,0.00420954134710392,0.008603402995683622,667
breakouts,donchian20_up_hotvol,0.011913619485225556,-0.01646067593140923,0.006659354856484275,-0.008807409895674013,-0.00568555636883848,-0.004290186272271759,109
breakouts,donchian55_dn,-0.030681784836423052,-0.005434698486967905,-0.002363199921219101,0.0006583402224649187,0.01117383070860313,0.0033556118520790654,365
breakouts,donchian55_up,0.005831367884430555,-0.0016077510542775008,0.003593488027223427,-0.010565909599238064,0.006543793335707638,-0.0010091801437587594,443
breakouts,donchian55_up_hotvol,-0.009522416686251728,-0.027473449586975205,0.0008718916417854823,-0.017076093274617864,0.006673621179578454,-0.013567233779323482,72
breakouts,vcp_breakout,,,-0.017066337874113158,,,,1
candles,bear_engulf,-0.0030078632820754736,0.0037471831562881476,0.011391269657727172,0.006499784821452883,-0.013923917813115555,0.01635376908737146,45
candles,bear_harami,-0.004550027505396681,-0.0002279466006137043,-0.002807218218633897,0.006914961236448455,0.007331744180943416,0.0031370538791436475,34
candles,bear_marubozu,,,0.028296613455923936,,,,1
candles,bull_engulf,0.011107298075137535,0.005198919880151624,0.008427925128523283,-0.01651613689101009,0.0018850318600540262,0.003452578663596939,58
candles,bull_harami,0.002630696143208063,-0.00018381464941406023,-0.016273530845949135,0.004518054667139439,-0.0005625254758837758,9.186789089367838e-05,42
candles,dark_cloud,0.0039025516673962812,,-0.01845684547159121,0.016183257275790064,,-0.02610904173976647,8
candles,evening_star,-0.0031997623721984813,0.003062923274073755,0.0015070073889601326,0.006009663789602586,0.0002922486901754118,-0.004576230960540313,111
candles,hammer,-0.01685094113561548,-0.002020952226764949,-0.0013169794478252127,0.0017703781196117651,-0.0015499652418010047,0.0006188853665578466,162
candles,morning_star,0.0004510752298121861,-0.00247716756009345,-0.005592388420036522,0.005294346948739976,0.00553367017263768,-0.006990406502929036,98
candles,piercing,,0.022341667628629325,0.008655733103510718,0.03132279047220665,-0.002408722439622424,0.019889688986540643,10
candles,shooting_star,-0.008508519310191344,0.0001614117521515326,7.623157887153287e-05,-0.001091833263579467,0.0007714236688436113,0.00355681503061059,201
gaps,gap_dn_huge_nonews,0.011201561160586682,,0.041166258592842175,,,,2
gaps,gap_dn_large_nonews,0.00026361365053921603,-0.001029179069425906,0.0006401304210394992,0.0014860905672542798,-0.000800481872209625,-0.003236845845467698,750
gaps,gap_dn_mid_nonews,-7.007774672887528e-05,0.0005128398009732537,-0.0006455725544056215,0.0015746379287383515,-0.0008996804131130795,-0.0006570158282898574,1708
gaps,gap_dn_small_nonews,-0.0037383304605765875,0.0011335214756490134,-0.0014143017155431607,0.0012053901299327752,0.00039204387367335405,-0.0003728201627152586,1731
gaps,gap_up_huge_nonews,-0.001389500910041308,,-0.025151843835893677,-0.0040076376989834905,,,5
gaps,gap_up_large_nonews,-0.0026439110629236247,0.0003642795739380493,0.003658719891025841,-7.41612455400204e-05,-0.0003954544700395538,-0.0015517193673373053,832
gaps,gap_up_mid_nonews,-0.0007994663590508841,0.0005984263294827117,-0.002590890208753512,0.0019701058111095764,-0.0020730654451240893,0.0016908657121531025,1690
gaps,gap_up_small_nonews,-0.002633869653154798,-0.00116682436566978,-0.0005616954685786776,0.0003237319290902754,0.0025832395231536348,-0.0007229518315787668,1813
levels,bounce_resistance,-0.0033764594622341273,-0.0020203623183333067,-0.000551269162635281,-0.0031189170151301082,0.0005056060941681905,0.001112545247796132,1106
levels,bounce_support,0.002679247133848122,-0.001191889165346002,-0.0004693707774225935,-0.0005920094403159093,-0.0056056577067856205,0.006567750995995873,969
levels,break_resistance,-0.00024908837797579136,0.0015036959852570773,-0.004995022980394491,-0.002508917177426967,-0.0018683126588308159,-0.012066976642049752,440
levels,break_support,0.0051124240319682735,0.00037815484033427575,-0.003943140180105924,0.004262051228956321,0.004093314929211404,-0.004465195232912918,407
levels,ma200_bounce,0.02853438763271189,0.002970699286169979,0.00044135008185670064,-0.01151990146085338,-0.014185699976302979,0.0073650000355978545,98
levels,ma200_loss,-0.014265591325868502,-0.0004785706386730981,0.004341013192015235,0.0026838834061367646,0.009639661211538822,-0.005143604601191544,178
levels,ma20_bounce,0.010676312798555743,0.0032695331312919307,-0.0048603421662530765,-0.0008801629883049893,0.0033827134088733057,-0.008678735988226174,362
levels,ma20_loss,0.005591974254446955,-0.0008893657624371677,-0.003513386370642735,0.0032275004817290953,0.0012517945615307421,0.006000816639242358,667
levels,ma50_bounce,-0.00993980490477957,0.006164505745646822,0.0073725060794830755,0.00592090828896734,0.000169507515511209,0.014963902991215305,207
levels,ma50_loss,0.0011251168492217893,0.006793382949330003,-0.004505213201912847,0.0024981995352197726,0.006678053114117854,0.0012893189208966292,386
levels,round_number_above,0.006842145550559187,-0.0049980057737396616,-0.0020222433508154175,0.006554055048381097,0.002277877052624094,-0.0031514522585956426,346
levels,round_number_below,-0.001121374664862878,-0.005529097838654001,0.007799080751819676,0.006619536471400754,0.0008788762869480539,-0.0044405582473806835,366
lmw,bear_flag,,,-0.0041321278783920485,,-0.048385939967404035,-0.004057942621164767,6
lmw,broadening_bottom,-0.015940081085330182,-0.04781188034255024,0.012595079524994834,-0.07327658917996788,,,6
lmw,broadening_top,,,,0.009377879893266106,0.058236559496087636,0.026790677500950877,4
lmw,bull_flag,-0.11687285063506736,0.016545289656131404,-0.010973734437645358,0.07453233826862626,-0.005263331393109888,-0.01883804471819356,29
lmw,cup_handle,-0.08058955060241754,0.03382026131481286,-0.0017516088298278974,0.027279068836490523,0.02674657669647476,0.046675492130459496,55
lmw,double_bottom,0.03350389306556992,-0.005178270338747663,0.03229482043454207,0.023441708727471606,-0.06465666892976074,0.051322828451675684,21
lmw,double_top,,0.024984392092567847,-0.005375122435243185,0.031126882921544106,-0.06309598626697,-0.0793555973613499,18
lmw,head_shoulders,,-0.005170082112502361,-0.02788195522418735,0.06363048510161866,-0.02403972198834492,-0.011230801351916897,10
lmw,inv_head_shoulders,,-0.06479168233817095,,0.014321988507670858,-0.09418824386140978,,4
lmw,triangle_bottom,,,,-0.0267179519513559,,,2
novel,cer_expansion_long,0.028717782278911308,-0.03767393009345282,-0.00591704856474784,-0.01971980470704565,0.03183512568910307,,8
novel,cer_expansion_short,,0.027468008471023635,-0.041525349807800094,,0.02173913586717195,-0.060538613380629935,9
novel,liquidity_vacuum_fade,,0.03543491514420649,0.03357118734031017,0.0025647841316096542,-0.010388992988700108,0.018201436168664764,9
novel,spi_dipbuy_long,-0.06251270896408789,-0.03728895172721999,-0.00630704149346479,0.005543262583071651,0.007526957643810264,,54
novel,spi_rejection_short,-0.030807448413136967,0.0016017088235286843,-0.008896888342363267,-0.016494181905269138,0.0015839101613371192,0.03254719729707045,77
novel,tpi_pullback_long,,-0.01569212380601326,0.0002927236917489677,-0.004824122856089778,-0.010223283746947497,0.003964791783713673,23
novel,tpi_rally_short,0.03572687878054211,-0.022818151853838682,-0.016628078050252182,0.013434187069556302,-0.0008386730799495173,-0.04391632790337496,38
trend,bollinger_breakout_up,0.0027857372644767473,0.00024170060452139255,-0.0064724486742950066,-0.00033717452261721896,-0.00540290592356113,0.004473524704236244,320
trend,bollinger_revert_long,0.003564552433848198,-0.008066760317557346,0.000550052752994479,0.01619733147213843,0.00015136047585951852,0.0036547263794291973,386
trend,keltner_breakout_up,0.005566151094527733,0.0034800045877170886,-0.0020186373196343747,-0.00576416159845758,0.0036220022378697725,0.024503925447006216,406
trend,ma_cross_20_50_dn,-0.02210542359605784,-0.0016707584401542874,-0.0003177037648145581,-0.02801689659586617,0.020663894568181396,-0.03595408286658275,107
trend,ma_cross_20_50_up,-0.0009513800065764733,-0.003988878877352359,-0.033686693588830086,-0.017014275181555023,0.0018488861770832531,-0.019977329342612926,107
trend,ma_cross_50_200_dn,0.08591163869963825,-0.01915244493529836,-0.0012358864648118997,0.03786704458534403,-0.00925925478609666,0.002878776195192767,34
trend,ma_cross_50_200_up,-0.05846840013560339,-0.037377208892887745,-0.007174719827080829,0.021072662102895195,0.011279533203298275,0.01013797109231293,34
trend,ma_cross_5_20_dn,0.006086832087841155,0.012767519565073774,-0.011658702289584781,0.009909232425068684,0.0005111514319607825,-0.008850874420531667,326
trend,ma_cross_5_20_up,0.007103041503899767,0.0009742222641693769,0.0030137170457603447,-0.0020364446950154394,-0.0013939500710480033,0.008843497517256606,328
trend,tsmom_12_1_dn,0.008050297652139155,-0.008492505578325116,0.018467803165351,-0.004570198174175927,0.015812623490820736,0.018780799373907447,3312
trend,tsmom_12_1_up,0.018433990575277653,-0.004056248802020313,0.0035771367851543867,-0.0073088586610058,0.009358789036434037,0.028386838932101675,4357
trend,xs_momentum_winner,0.07655321461951234,-0.018780455073480157,-0.014479058630077285,-0.010016615108126384,0.02583994289576864,-0.009836340959016218,60
volume,accumulation_divergence,-0.0330360713522509,0.0040964537195927195,-0.014503744418117914,0.0002539252254262747,-0.013207402410646893,0.015113328383991102,895
volume,distribution_divergence,0.016122829860501082,0.006662171123326029,-0.010612678498377562,0.007820830412482289,-0.003257953491185295,0.026999658578195168,1227
volume,high_volume_premium,,0.007467698195052663,0.010486342350729483,-0.002779132509352744,0.0030081163708049782,-0.015534305359315326,27
volume,obv_confirmed_breakout,-0.015535397397322745,-0.0022584891637038957,-0.013548503781001147,-0.0043138807728442434,-0.0014457936926861306,0.0037026217082333987,788
volume,rvol_spike_dn,0.08651005563283143,0.03422530244470057,0.014194734408890594,,-0.04042724695338218,,6
volume,rvol_spike_up,-0.10494242839192292,0.002198382190396808,-0.033527201996744416,-0.005416008439774911,-0.06732842200821854,,8
