cycles_per_day,costs,per_trade_edge_bps,hit_rate_needed
1,retail 5bp,105.0,0.7366167682083193
1,active 15bp,115.0,0.7591516985138735
2,retail 5bp,55.0,0.6239421166805482
2,active 15bp,65.0,0.6464770469861024
3,retail 5bp,38.33333333333333,0.5863838995046246
3,active 15bp,48.333333333333336,0.6089188298101788
5,retail 5bp,25.0,0.5563373257638855
5,active 15bp,35.00000000000001,0.5788722560694398
10,retail 5bp,15.0,0.5338023954583313
10,active 15bp,25.0,0.5563373257638855
20,retail 5bp,10.0,0.5225349303055542
20,active 15bp,20.0,0.5450698606111084
