variant,top_k,hold,conviction_q,rt_bps,net_bps,sharpe,nw_t,traded_days
all,1,1,0.0,15.0,28.419878388398335,2.0400171078928375,4.528718745719233,1304
all,1,1,0.8,15.0,26.609880382037204,1.9101316764893315,4.305228040564909,1304
all,1,1,0.95,15.0,26.445891239663563,1.8991020434159491,4.221568383839774,1304
all,1,2,0.0,15.0,23.428644430939126,2.2278393429170302,4.985356836153337,1304
all,1,2,0.95,15.0,22.689983546109964,2.1636789423618734,4.808627266994505,1304
all,1,2,0.8,15.0,22.32037584238653,2.1273868250943706,4.768594381693987,1304
all,3,1,0.0,15.0,19.89560287958016,2.416185327051693,5.394339763739182,1304
all,3,2,0.8,2.0,19.760194089158542,3.1072047577192046,6.972359858481733,1304
all,3,1,0.95,15.0,19.408222260775684,2.3646185808646045,5.378284824078582,1304
all,3,1,0.8,15.0,19.162621462221672,2.3214793471729296,5.212752111702301,1304
all,5,1,0.0,15.0,16.831653407791787,2.5890917280021366,5.9745583615886755,1304
all,3,2,0.8,8.0,16.76249293973325,2.6358401281206754,5.914765409031192,1304
all,5,1,0.8,15.0,16.36317526399366,2.528226953306735,5.915906717495128,1304
all,5,1,0.95,15.0,15.454691163506935,2.4471015786060937,5.5961404249126225,1304
all,10,1,0.8,15.0,15.416582065047136,3.3272705019961353,7.371748196133875,1304
all,10,1,0.0,15.0,15.313410370938094,3.2839868897189635,7.287713492337635,1304
all,3,2,0.95,15.0,13.808530402701194,2.1879287501377704,4.91118919623769,1304
all,3,2,0.0,15.0,13.404953835895776,2.1062378448232146,4.726154425842002,1304
all,3,2,0.8,15.0,13.265174932070416,2.0859080312216367,4.68083775009966,1304
all,3,2,0.8,15.0,13.265174932070416,2.0859080312216367,4.68083775009966,1304
all,1,5,0.0,15.0,11.373042151865413,1.5538873878871469,3.5466542579914977,1304
all,1,5,0.95,15.0,11.249421270447222,1.5431601238631483,3.5145735580798725,1304
all,10,1,0.95,15.0,10.782732137307155,2.428515397270023,5.202567760040091,1304
all,1,5,0.8,15.0,10.750099150653114,1.4683686143691874,3.3549373345403817,1304
all,5,2,0.8,15.0,10.654649765667891,2.150726535131411,5.020392948128853,1304
all,5,2,0.0,15.0,10.408478453236654,2.0940576892731184,4.863555527948872,1304
all,5,2,0.95,15.0,9.898197408323506,2.0339959212157286,4.674296955270946,1304
all,10,2,0.8,15.0,8.805085885329229,2.3655118695600326,5.287208146370999,1304
all,10,2,0.0,15.0,8.630922682630956,2.3045768058313985,5.086693863263825,1304
all,10,2,0.95,15.0,6.007593224051603,1.7248706919420642,3.636859452758161,1304
all,3,5,0.95,15.0,5.720564364954353,1.2278058913484662,2.782030202713186,1304
all,3,5,0.0,15.0,5.719129759532612,1.2033550681642056,2.7246486575147117,1304
all,3,5,0.8,15.0,5.587688016645996,1.1809423465915905,2.699888437925788,1304
all,5,5,0.8,15.0,5.449841028649954,1.4121787372021335,3.289166307428229,1304
all,5,5,0.95,15.0,5.285727732392784,1.4039927815531188,3.2119036202855655,1304
all,5,5,0.0,15.0,5.15253469258059,1.3244296308289891,3.059290126975627,1304
all,10,5,0.8,15.0,4.943774137419855,1.6132003989187063,3.6536021214694414,1304
all,10,5,0.0,15.0,4.674353326648619,1.516789160188572,3.426616761626112,1304
all,10,5,0.95,15.0,3.7131519764263854,1.3196491659283145,2.8558347832640743,1304
news_only,3,2,0.0,15.0,-2.978648659910105,-0.5639136615403926,-1.2402144978134664,1304
