date,net,gross,linear_net
2021-07-19,-0.0034346025246604836,-0.0019346025246604838,0.00018591683556771826
2021-07-20,0.0007009865538537786,0.0022009865538537786,-0.002753020699428697
2021-07-21,-0.017076915770725194,-0.015576915770725192,-0.00016432983599021104
2021-07-22,0.01051430147817742,0.01201430147817742,0.00978984832988349
2021-07-23,-0.007140294366004444,-0.005640294366004444,0.0015631102252404235
2021-07-26,0.0014217924728780265,0.0029217924728780265,0.0070730081183849065
2021-07-27,-0.0043918037499554126,-0.0028918037499554125,0.0019834658993840635
2021-07-28,-0.0028948522948763354,-0.0013948522948763354,-4.697187110619264e-05
2021-07-29,0.005414508680671745,0.006914508680671744,0.0005378844664427796
2021-07-30,-0.00984648514609756,-0.00834648514609756,-0.004856503750332412
2021-08-02,-0.002752136676041782,-0.0012521366760417818,-0.004286451947241714
2021-08-03,0.01270906295432059,0.01420906295432059,-0.003168538166367878
2021-08-04,0.0007892260362207205,0.0022892260362207205,0.0013416850732683797
2021-08-05,-0.0002394404965996677,0.0012605595034003323,-0.011066671813232001
2021-08-06,0.005456460464950765,0.006956460464950765,-0.0027612292892079883
2021-08-09,0.003085881682488523,0.004585881682488523,-0.004220558880727231
2021-08-10,-0.004274612024317869,-0.0027746120243178686,-0.005993396069321248
2021-08-11,0.002787940045123761,0.004287940045123761,-0.0014689113106858762
2021-08-12,-0.0009356023796934436,0.0005643976203065565,0.002708157000356306
2021-08-13,0.0030020212402937572,0.004502021240293757,-0.003222776972204443
2021-08-16,-0.004213240653035898,-0.0027132406530358975,0.0018914241133498504
2021-08-17,0.0029844554721693245,0.0044844554721693245,-0.0009155509871523458
2021-08-18,-0.0005919655848535363,0.0009080344151464637,-0.012021858080945833
2021-08-19,0.00836857427493384,0.00986857427493384,-0.0018662679709280914
2021-08-20,0.0029762364707429556,0.004476236470742956,-0.008937628082522641
2021-08-23,0.0044113094265304815,0.005911309426530481,0.006953179890392866
2021-08-24,0.0009337637301704404,0.0024337637301704404,0.001386614190760362
2021-08-25,0.00774146022789928,0.00924146022789928,-0.005062983291807519
2021-08-26,0.00928034439176111,0.01078034439176111,0.0030641319145750484
2021-08-27,-0.0016276570202758342,-0.00012765702027583417,-0.011919686920452992
2021-08-30,0.0016791392982666254,0.0031791392982666255,0.007444551912600602
2021-08-31,-0.007702375967164618,-0.006202375967164619,-0.0011748376510338763
2021-09-01,-0.01231155674795739,-0.01081155674795739,0.0029583789187533865
2021-09-02,0.006264383562961997,0.007764383562961996,0.009434098385379648
2021-09-03,-0.008083458082972382,-0.006583458082972382,-0.012682483183501436
2021-09-06,0.005540520908309723,0.007040520908309722,-0.006317103916403121
2021-09-07,0.003384463906247127,0.004884463906247127,0.004560951970456768
2021-09-08,-0.003687860310403017,-0.002187860310403017,-0.007738451203666034
2021-09-09,-0.008512916501011667,-0.007012916501011667,-0.007228012903401302
2021-09-10,-0.0013183421446686812,0.0001816578553313188,-0.0017976840276695645
2021-09-13,-0.004397357686626361,-0.0028973576866263614,0.0016587986835240333
2021-09-14,-0.0024636432014021087,-0.0009636432014021087,-0.0010321851030539613
2021-09-15,0.002933197550912521,0.004433197550912521,0.004551784622860346
2021-09-16,0.0009014225732407082,0.0024014225732407082,-0.0011508529857044857
2021-09-17,0.009192561880991752,0.010692561880991752,-0.0063080325228057985
2021-09-20,0.015481206083317092,0.01698120608331709,-0.008451399035856615
2021-09-21,-0.0020519624958295,-0.0005519624958294999,-0.004607190293485091
2021-09-22,0.010865005973604699,0.012365005973604699,-0.003148032898680618
2021-09-23,-0.005569782383828652,-0.004069782383828652,-0.003528642784259221
2021-09-24,0.003041854159903563,0.004541854159903563,0.011464894777037089
2021-09-27,-0.006995439883900561,-0.005495439883900561,-0.004054686751536151
2021-09-28,0.007210536851071482,0.008710536851071482,-0.00860904231853135
2021-09-29,0.002651253086146411,0.004151253086146411,0.0072412081830208214
2021-09-30,0.0011839409522365076,0.0026839409522365076,0.005623836806307365
2021-10-01,0.0006436159785846124,0.0021436159785846124,-0.0007071632461174801
2021-10-04,0.009419272962263166,0.010919272962263166,-0.0011730924646466121
2021-10-05,-0.0019402595877466887,-0.0004402595877466887,-0.008707521684519109
2021-10-06,0.0032814923495219097,0.00478149234952191,-0.001965921859929264
2021-10-07,0.007123450034583046,0.008623450034583046,0.014734423830359852
2021-10-08,0.01306883829386781,0.01456883829386781,0.005339048913687057
2021-10-11,-0.006870771192620872,-0.005370771192620871,-0.010094545694400424
2021-10-12,0.0035483228094161114,0.0050483228094161114,0.0022590616427155055
2021-10-13,0.01061666907522177,0.01211666907522177,-0.00802959081196085
2021-10-14,-0.002418979673548048,-0.0009189796735480482,-0.00828858122388476
2021-10-15,-0.0072993505756125,-0.0057993505756124995,0.0010574916173122575
2021-10-18,-0.003868199865635884,-0.002368199865635884,-0.0071384529145109045
2021-10-19,0.0042753291425233,0.0057753291425233,-0.006652017812706867
2021-10-20,0.002133196931576549,0.003633196931576549,-0.005158732420221617
2021-10-21,-0.006568576235370315,-0.005068576235370315,-0.003575497053400144
2021-10-22,-0.0020507331417784036,-0.0005507331417784036,-0.0025860046628730076
2021-10-25,0.0012162792654051026,0.0027162792654051027,0.009116754031846
2021-10-26,0.007399583417849489,0.008899583417849488,0.007275546703391552
2021-10-27,-0.0011436157044766074,0.0003563842955233926,-0.005195296672621912
2021-10-28,-0.0011108252449096288,0.00038917475509037125,0.0011892014735754588
2021-10-29,-0.0010721815962491986,0.0004278184037508014,-0.0036297267616437804
2021-11-01,-0.002333277656830833,-0.0008332776568308331,0.00038512814714768574
2021-11-02,0.001756799191483539,0.003256799191483539,-0.006156498168620088
2021-11-03,0.001856714408624506,0.003356714408624506,0.003170342474459027
2021-11-04,-0.010442025771282734,-0.008942025771282735,-0.004489454292984844
2021-11-05,-0.009305531229026408,-0.007805531229026408,0.0018237138504091162
2021-11-08,0.016059052962168988,0.01755905296216899,0.011537822391948895
2021-11-09,0.0071059905555348815,0.008605990555534881,-0.000966216924693951
2021-11-10,0.005510692439603945,0.007010692439603944,-0.009952936190858757
2021-11-11,0.0044655677385912924,0.005965567738591293,0.008559769011142417
2021-11-12,0.006273358328199476,0.007773358328199476,-1.7334639348880188e-05
2021-11-15,0.0023048745837394645,0.0038048745837394645,0.0037465313749721293
2021-11-16,-0.0028849277710517865,-0.0013849277710517862,-0.010904424361050434
2021-11-17,-0.0030989367969818144,-0.0015989367969818143,-0.0005681439370621806
2021-11-18,0.003857883781167489,0.005357883781167489,0.0038655936147032016
2021-11-19,-0.0023990609680291527,-0.0008990609680291526,0.0007312977186254076
2021-11-22,-0.0045831991293586,-0.0030831991293585994,0.004470588692097727
2021-11-23,0.0055140996744342426,0.007014099674434243,0.0033899844270046347
2021-11-24,0.003375509499030895,0.004875509499030895,0.0012643978848797658
2021-11-25,0.002526027403088034,0.004026027403088034,0.002845142232771604
2021-11-26,0.013983468725483623,0.015483468725483623,0.0001413395212239944
2021-11-29,0.0018220230762625703,0.0033220230762625704,-0.0008859020187647428
2021-11-30,-0.008770293604628825,-0.007270293604628824,-0.0005773349056660758
2021-12-01,0.0007374302856259078,0.002237430285625908,-0.003503572419694166
2021-12-02,0.0032616521032169175,0.0047616521032169176,-0.0035893036367739984
2021-12-03,0.0053905330691421515,0.006890533069142152,0.009219237705159679
2021-12-06,-0.013435644394529453,-0.011935644394529453,-0.0008707876034943266
2021-12-07,0.006323860125436833,0.007823860125436833,-0.0019260271566059286
2021-12-08,0.004141069478637533,0.0056410694786375335,0.0018852954650313571
2021-12-09,0.006504885569734893,0.008004885569734893,-0.004463710595764635
2021-12-10,0.005434966383932089,0.006934966383932089,-0.006297362635825447
2021-12-13,0.0009976886250995369,0.002497688625099537,0.00154692976576153
2021-12-14,-0.0017550340810662964,-0.0002550340810662964,-0.0032316441782813884
2021-12-15,0.0017258462351760163,0.0032258462351760163,-0.012354451534392094
2021-12-16,0.002351432717792874,0.003851432717792874,-0.0008100575029082553
2021-12-17,0.004075872982231322,0.005575872982231321,-0.001465151474072422
2021-12-20,-0.002231649358726827,-0.0007316493587268269,0.0076210535197308495
2021-12-21,-0.0020003282325958146,-0.0005003282325958145,-0.005591801137004615
2021-12-22,0.004947924058282401,0.0064479240582824005,-0.011078213475206477
2021-12-23,0.012888251517021205,0.014388251517021205,-0.002479313184841113
2021-12-24,-0.00015394192034839786,0.0013460580796516022,0.003516350824806449
2021-12-27,-0.0034614244345702243,-0.0019614244345702242,2.327065359615391e-05
2021-12-28,0.0003343856507498921,0.0018343856507498921,-0.0011244235644111188
2021-12-29,0.005584724122139308,0.007084724122139308,-0.0020148104276259725
2021-12-30,0.0028953578957737493,0.004395357895773749,0.0027074831753732156
2021-12-31,0.004616230258605565,0.006116230258605565,-0.008913600308352393
2022-01-03,0.0018918181007035475,0.0033918181007035475,-0.0022792210606819505
2022-01-04,0.0016252078955054827,0.0031252078955054828,-0.0024783994173486193
2022-01-05,-0.00975305777655672,-0.008253057776556721,0.0018165456969778016
2022-01-06,-0.0011217003006037435,0.00037829969939625653,0.0005818051868564998
2022-01-07,0.0007470527334551848,0.002247052733455185,-0.0037393247276076894
2022-01-10,0.005923094804202915,0.007423094804202914,-0.011088897364838443
2022-01-11,0.000271241357603215,0.001771241357603215,-0.01006118270637599
2022-01-12,-0.0014971436579007276,2.8563420992723867e-06,-0.0020912455484145376
2022-01-13,0.008574259989021562,0.010074259989021561,0.001468935092848718
2022-01-14,0.00696536459908745,0.00846536459908745,0.003432479569135239
2022-01-17,0.006473545727690452,0.007973545727690452,-0.015387071520630163
2022-01-18,0.0028834142242469564,0.0043834142242469565,-0.0011739358873011129
2022-01-19,0.008731840362024935,0.010231840362024935,-0.0036185205185736355
2022-01-20,-0.008841080791867104,-0.007341080791867105,-0.0040847746622523756
2022-01-21,-0.002065667089197929,-0.0005656670891979292,-0.004862951155946781
2022-01-24,0.00040874906650815264,0.0019087490665081527,-0.0008889599016219146
2022-01-25,0.0045944408952930844,0.006094440895293085,-0.002294023030988994
2022-01-26,0.00035082851524202013,0.0018508285152420202,0.0064564794331302255
2022-01-27,-0.0025782867422440778,-0.0010782867422440777,0.004086623768907928
2022-01-28,0.0017634862192872198,0.00326348621928722,0.003513100030276901
2022-01-31,0.002856616338011976,0.004356616338011976,-9.277812527260692e-05
2022-02-01,0.008165563768104568,0.009665563768104568,0.007351733117752559
2022-02-02,0.00500386836028003,0.006503868360280029,0.009757894377432566
2022-02-03,-0.006016931266788726,-0.004516931266788727,0.0006132553303679024
2022-02-04,-0.0009753387253262677,0.0005246612746737324,0.004286625485896563
2022-02-07,0.004988057914104688,0.006488057914104689,-0.0018429751136908356
2022-02-08,-0.0035677102465353702,-0.00206771024653537,0.003045512654403866
2022-02-09,-0.0001510101759572267,0.0013489898240427733,-0.010228987465354182
2022-02-10,-0.0032057013285607325,-0.0017057013285607324,-0.0031357924628637557
2022-02-11,0.0006160062330302428,0.002116006233030243,0.006040249750534217
2022-02-14,0.013371557972438476,0.014871557972438476,-0.00691031144000274
2022-02-15,0.009600543604140517,0.011100543604140516,-0.006981048122338638
2022-02-16,-0.0018671601351513017,-0.00036716013515130166,-0.011595676263900583
2022-02-17,0.005921792032523033,0.007421792032523033,-0.0018839589280731693
2022-02-18,-0.0010598667969422926,0.00044013320305770747,0.0017576377965593595
2022-02-21,0.016226748019359784,0.017726748019359785,0.009689239208103424
2022-02-22,0.008599966707508712,0.010099966707508711,2.6232541525130024e-05
2022-02-23,0.00040563539503972327,0.0019056353950397233,-0.006033853386205611
2022-02-24,0.002783978003540417,0.004283978003540417,-0.0019486162550955575
2022-02-25,-7.418794309365555e-05,0.0014258120569063445,-0.0002935820118258759
2022-02-28,0.0033069101113247967,0.004806910111324797,-0.005351755578615934
2022-03-01,0.010849513276330965,0.012349513276330965,-0.002833432185680889
2022-03-02,0.0019039649423474646,0.0034039649423474646,-0.009715137591419535
2022-03-03,0.005765713514789234,0.007265713514789235,0.002506194779550853
2022-03-04,0.007877666396156576,0.009377666396156576,0.0002789074663755234
2022-03-07,0.009298473505179013,0.010798473505179013,-0.003523643023584809
2022-03-08,-0.004904639675024046,-0.0034046396750240463,-0.00329337559087695
2022-03-09,-0.005556927490524147,-0.0040569274905241474,-0.0016529092326315763
2022-03-10,-0.0006740043140148074,0.0008259956859851926,-0.00261918392563376
2022-03-11,-0.0020153383073433324,-0.0005153383073433326,-0.004968089203218255
2022-03-14,0.0077430512433506425,0.009243051243350642,-0.001863720080198432
2022-03-15,0.0032128584973240963,0.004712858497324096,0.00796741593832307
2022-03-16,-0.0020734018425249564,-0.0005734018425249563,-0.005430429396904661
2022-03-17,0.0018500763215968845,0.0033500763215968845,-0.004362282357018181
2022-03-18,-0.002239069602485192,-0.0007390696024851921,-0.005678787871834016
2022-03-21,-0.012134744058744788,-0.010634744058744788,0.0007711147994261328
2022-03-22,0.012846048826457325,0.014346048826457325,0.003100763867586099
2022-03-23,-0.0011082464870627792,0.0003917535129372208,0.00418157608270189
2022-03-24,0.0027369535205715796,0.00423695352057158,-0.0028397407044543064
2022-03-25,0.004306991163741737,0.005806991163741736,0.0005907475590221658
2022-03-28,-0.0020485956387804416,-0.0005485956387804415,-0.0036867697364943272
2022-03-29,0.0072327485269799,0.0087327485269799,-0.0029740269638410966
2022-03-30,-0.007195313285615184,-0.005695313285615184,0.0049299641143061915
2022-03-31,-0.007351619771713528,-0.005851619771713529,0.0005267577367311046
2022-04-01,0.0024715782876824533,0.003971578287682453,-0.0024921034903869475
2022-04-04,-0.0011425949124616737,0.0003574050875383263,0.006103898201502273
2022-04-05,0.012791729508493917,0.014291729508493917,0.00188357898531404
2022-04-06,-0.0036229289253195272,-0.0021229289253195272,0.0009354225310959875
2022-04-07,-0.0017707912155996916,-0.0002707912155996917,-0.008098056844031152
2022-04-08,-0.00014391395190157955,0.0013560860480984205,-0.008267109139215688
2022-04-11,0.003918952965528057,0.005418952965528057,0.004798124719692577
2022-04-12,-0.008579695891608872,-0.007079695891608872,-0.001012071551180559
2022-04-13,0.001986327028439767,0.003486327028439767,0.0008076283809207905
2022-04-14,0.008408572099202823,0.009908572099202822,0.0032597021980023673
2022-04-15,-0.0015000295242164163,-2.9524216416283722e-08,-0.007012835020818446
2022-04-18,-0.005807280379674467,-0.004307280379674467,-0.0015164143111493938
2022-04-19,-0.011820454065210194,-0.010320454065210195,-0.0014276986680474822
2022-04-20,-0.0057540545873083025,-0.004254054587308303,-0.002621814582259113
2022-04-21,-0.0033768990755673454,-0.0018768990755673454,0.00026472602130561294
2022-04-22,0.0021752437152203602,0.0036752437152203603,-0.00600309545321979
2022-04-25,-0.004516412055744821,-0.0030164120557448215,0.0022620842419696433
2022-04-26,0.011850060313724271,0.013350060313724271,0.0026014687225350288
2022-04-27,-0.005541398171698528,-0.0040413981716985285,0.002934100932654599
2022-04-28,-0.002979341212921531,-0.001479341212921531,0.00014174760109604426
2022-04-29,0.005133962176076746,0.006633962176076746,-0.008383376131599772
2022-05-02,-0.0016356716541126954,-0.0001356716541126954,-0.003349235148522954
2022-05-03,0.011325268573429439,0.012825268573429438,0.00759374886258812
2022-05-04,-0.0033191444233171266,-0.0018191444233171265,0.01103758717710659
2022-05-05,0.0009371474032777842,0.002437147403277784,0.006676707484721024
2022-05-06,-0.006003650947477034,-0.004503650947477034,0.002001318671447279
2022-05-09,0.011608578421474022,0.013108578421474022,-0.0008443419596719557
2022-05-10,-0.0008493151199346224,0.0006506848800653777,0.005647298994090161
2022-05-11,-0.0019261656999369809,-0.0004261656999369808,-0.004884244584146484
2022-05-12,0.00047889662497471296,0.001978896624974713,0.000701855922753476
2022-05-13,0.00797636306001115,0.00947636306001115,0.009433307954034529
2022-05-16,0.0008180617137240952,0.002318061713724095,-0.0023369735764474583
2022-05-17,0.0003200984849563112,0.0018200984849563112,0.00041587474049377274
2022-05-18,0.012190164456531408,0.013690164456531408,-0.0023261562381044418
2022-05-19,0.000664939371648516,0.002164939371648516,0.001289582380949879
2022-05-20,0.0018156706627145652,0.0033156706627145652,0.004821938445957475
2022-05-23,0.004797742748030404,0.006297742748030404,0.006006353867026151
2022-05-24,0.0015838816149843517,0.0030838816149843518,-0.00879609871865079
2022-05-25,-0.0008165180340583765,0.0006834819659416236,-0.005478257238945454
2022-05-26,-0.002211508120186211,-0.0007115081201862106,0.00510000078165433
2022-05-27,0.009765215887959111,0.011265215887959111,-0.0021815195774889805
2022-05-30,-0.0034276575927104963,-0.0019276575927104963,-0.01100951592157968
2022-05-31,-0.009029827415299767,-0.007529827415299767,0.0011160217077912332
2022-06-01,0.012026826110635989,0.013526826110635989,0.009023147809865814
2022-06-02,0.00827529427395345,0.009775294273953449,-0.018039977143612905
2022-06-03,-0.004013544004616142,-0.002513544004616141,0.004120806114595168
2022-06-06,-0.0046826986875332195,-0.0031826986875332195,-0.009252150514224842
2022-06-07,-0.003141265370575469,-0.001641265370575469,-0.0026720706321276704
2022-06-08,0.018756574891607057,0.02025657489160706,-0.00085215412773894
2022-06-09,-0.003220210305675918,-0.0017202103056759177,0.002779937585429488
2022-06-10,0.008352380369104902,0.009852380369104902,-0.0043191086969021734
2022-06-13,0.006234961729017692,0.007734961729017692,-0.006461185645259019
2022-06-14,0.0063363651394149085,0.007836365139414908,-0.00027128643181933846
2022-06-15,0.015100727135292763,0.016600727135292762,0.004435328274678175
2022-06-16,0.0013179450146889103,0.0028179450146889103,-0.006358243543934914
2022-06-17,0.011943605733825642,0.013443605733825642,-0.004594101598817011
2022-06-20,0.0036099389563503293,0.005109938956350329,-0.002638354346502929
2022-06-21,0.0022904678129020265,0.0037904678129020266,0.0012874366007088033
2022-06-22,0.002312070040030274,0.003812070040030274,0.001618082231603436
2022-06-23,0.016748590369407828,0.01824859036940783,-0.0008785371769138171
2022-06-24,-0.00043377652354123367,0.0010662234764587664,0.004327234663151882
2022-06-27,-0.00400270842914455,-0.002502708429144551,0.0019970353997834324
2022-06-28,0.0038125383252147114,0.005312538325214711,0.009149533165098174
2022-06-29,0.007903950228590131,0.00940395022859013,-9.8514858830319e-06
2022-06-30,0.0010246855745135075,0.0025246855745135076,0.0010846237287777346
2022-07-01,-0.00014791900139946978,0.0013520809986005303,0.0010259562825948323
2022-07-04,0.0006539830297577665,0.0021539830297577665,-0.009346190729988395
2022-07-05,0.004137308702535194,0.005637308702535194,-0.0026103069769134375
2022-07-06,0.013409539584956356,0.014909539584956355,-0.0029904273497954868
2022-07-07,-0.0011971709604213774,0.0003028290395786226,-0.008071316032323039
2022-07-08,-0.003855135802383601,-0.002355135802383601,0.0010718578624295551
2022-07-11,-0.0007577526239892591,0.0007422473760107409,0.001683486571180838
2022-07-12,0.004802705918454438,0.006302705918454438,-0.0002613001366009271
2022-07-13,-0.0019280204663860317,-0.00042802046638603167,-0.0006548098736729222
2022-07-14,-0.003912151824591923,-0.002412151824591924,-0.0014257586171108325
2022-07-15,-0.00429770411882021,-0.0027977041188202104,0.002283284002404863
2022-07-18,0.00532390537913955,0.0068239053791395495,-0.007216792754017046
2022-07-19,-0.009029847701355736,-0.007529847701355736,-0.0006040311620464742
2022-07-20,0.0046159880406283615,0.006115988040628362,0.00300776846155278
2022-07-21,0.0016631081694326766,0.0031631081694326766,-0.0068233693319568346
2022-07-22,0.007984455319207441,0.009484455319207441,0.005537291555329733
2022-07-25,-1.3716088513114361e-05,0.0014862839114868857,0.007911727349792504
2022-07-26,0.009217569254249304,0.010717569254249304,-0.0068711203120167645
2022-07-27,-0.0033924715581741803,-0.0018924715581741802,0.000832836046911208
2022-07-28,0.018508636869699707,0.020008636869699708,0.0012250280963916902
2022-07-29,-0.0005691912691756828,0.0009308087308243173,0.00021955087093546003
2022-08-01,0.004878863157324411,0.006378863157324411,-0.0024390546974911533
2022-08-02,0.010932200156220286,0.012432200156220286,7.596838857559926e-05
2022-08-03,0.0064469230282794675,0.007946923028279467,-0.011672737509683504
2022-08-04,-0.002656739483891822,-0.001156739483891822,-0.005084819630020408
2022-08-05,0.0010098257716578533,0.0025098257716578533,-0.0002816208327049139
2022-08-08,-0.006032825040375216,-0.004532825040375216,-0.0019196537507943797
2022-08-09,-0.011214259032739258,-0.009714259032739259,-0.003103369490397844
2022-08-10,0.0017627153622105885,0.0032627153622105886,0.004405004279192305
2022-08-11,0.012508793668948743,0.014008793668948742,0.0038963031540793966
2022-08-12,0.006049797257576064,0.007549797257576063,0.008652260490260784
2022-08-15,0.006257571463355696,0.007757571463355695,-0.0048199012106931935
2022-08-16,-0.01118364328005239,-0.00968364328005239,-0.0030534958390896305
2022-08-17,-0.005236963850531466,-0.0037369638505314663,-0.012204793481171254
2022-08-18,-0.0006515140001296204,0.0008484859998703796,-0.007337488505879895
2022-08-19,-0.0065734622049925025,-0.005073462204992502,0.004425320888411256
2022-08-22,-0.0014875568267170227,1.244317328297738e-05,-0.0021067983548583905
2022-08-23,0.006167783602344802,0.007667783602344802,0.007496104912138998
2022-08-24,-0.009143454448897359,-0.007643454448897359,-0.003951198124644355
2022-08-25,0.0008548061409085618,0.002354806140908562,-0.0008133994174159263
2022-08-26,0.007079662382044891,0.00857966238204489,-0.004544945208313949
2022-08-29,-0.004937975135309289,-0.003437975135309289,-0.007386395556068031
2022-08-30,-0.011892840677977221,-0.010392840677977222,0.00928906880473891
2022-08-31,0.004345570254293697,0.005845570254293697,0.004454788375324132
2022-09-01,0.005037699657328988,0.006537699657328988,0.00010209000157197605
2022-09-02,0.009075928089830694,0.010575928089830693,0.006242106596690724
2022-09-05,0.005071688970278506,0.006571688970278506,0.00211776469002158
2022-09-06,-0.002699923446945034,-0.0011999234469450336,0.0023484082803637467
2022-09-07,-0.006377685890353367,-0.004877685890353367,-0.004967822449384944
2022-09-08,0.01292733939165643,0.01442733939165643,-0.00636384799774287
2022-09-09,0.005371210101991248,0.006871210101991248,0.0026812394096833573
2022-09-12,0.006773900197534412,0.008273900197534411,-0.003736370727057946
2022-09-13,0.0005249156445760084,0.0020249156445760084,0.0072892489619022244
2022-09-14,0.002504433055482098,0.004004433055482098,-0.009223049650511714
2022-09-15,0.0063539097044547094,0.007853909704454709,-0.003005354408480186
2022-09-16,0.013665758006084569,0.015165758006084568,-0.007168313681053166
2022-09-19,-0.003589504031866629,-0.002089504031866629,-0.005398426962617884
2022-09-20,-4.456554344284161e-05,0.0014554344565571584,-0.0014045050943202564
2022-09-21,0.007510011894396448,0.009010011894396448,-0.004311728626635756
2022-09-22,-0.0022175148592840023,-0.0007175148592840023,0.002684495551538425
2022-09-23,-0.0036859894698863405,-0.0021859894698863405,0.0044508072573504216
2022-09-26,-0.0012223946623725376,0.00027760533762746244,0.014960682356980422
2022-09-27,0.0024796262390165548,0.003979626239016555,-0.001906506799572637
2022-09-28,0.00178656622626125,0.00328656622626125,0.004024059566918349
2022-09-29,-0.006268348200880007,-0.0047683482008800075,-0.006261830100057628
2022-09-30,0.021338186881906956,0.022838186881906957,0.0038260335300114765
2022-10-03,0.0025946546357172094,0.004094654635717209,0.002604175611763688
2022-10-04,0.003828261553660252,0.005328261553660252,0.007172547267544268
2022-10-05,0.003269227337923688,0.004769227337923688,-0.007182799697437412
2022-10-06,0.010979038918280788,0.012479038918280788,-0.006371002315157057
2022-10-07,0.00740979591015462,0.00890979591015462,0.0056436423094615735
2022-10-10,0.0016748839973619823,0.0031748839973619824,-0.005578637400674673
2022-10-11,-0.006097803010899976,-0.004597803010899976,-0.01279732182865527
2022-10-12,0.00816784730463891,0.00966784730463891,0.005599198829996306
2022-10-13,-0.006673793967133721,-0.0051737939671337215,0.003695237606692271
2022-10-14,-0.004094360768832637,-0.0025943607688326373,0.011309198358299178
2022-10-17,0.005707228399484806,0.007207228399484806,-0.006151573747347554
2022-10-18,-0.0070619202674983995,-0.0055619202674984,-0.0016177498557639989
2022-10-19,0.0019480593821949955,0.0034480593821949956,-0.006778032658909704
2022-10-20,0.002499873718415381,0.003999873718415381,-0.002096790219632437
2022-10-21,0.0014145712985540642,0.002914571298554064,0.001970582867113758
2022-10-24,-0.002070077674727271,-0.000570077674727271,0.0039807305275143
2022-10-25,-0.006035624025742491,-0.004535624025742491,-0.004408549345421274
2022-10-26,0.0011667999962988898,0.00266679999629889,-0.000806446478102078
2022-10-27,-3.622157486480671e-05,0.0014637784251351933,-0.0024679606875837525
2022-10-28,-0.0014605237858227415,3.947621417725849e-05,-0.0005098452543911155
2022-10-31,0.008857598194539636,0.010357598194539635,-0.004802560659055976
2022-11-01,0.019861703651446447,0.021361703651446448,0.010158049367980933
2022-11-02,1.1787310214035531e-05,0.0015117873102140356,-0.002420066948704612
2022-11-03,0.004644710844692574,0.006144710844692575,-0.009872266938990423
2022-11-04,0.009460153253844158,0.010960153253844158,0.0005851168296180666
2022-11-07,0.0072354946280534325,0.008735494628053432,-0.0003032981616275178
2022-11-08,0.00902133793964226,0.01052133793964226,-0.005733183197910311
2022-11-09,-0.001029269636286355,0.00047073036371364507,0.013392772293674245
2022-11-10,-0.004224455222437222,-0.002724455222437222,0.002105279984649651
2022-11-11,-0.00036920166773906455,0.0011307983322609355,0.0017785056960834844
2022-11-14,0.00556282712751844,0.007062827127518439,-0.003545741786225558
2022-11-15,-0.002831977297349035,-0.001331977297349035,-0.007560955752923974
2022-11-16,0.011304768281065055,0.012804768281065054,-3.52852717218949e-05
2022-11-17,0.0011711552886762805,0.0026711552886762805,-0.0018794022720288275
2022-11-18,-0.005610362184718441,-0.004110362184718441,-0.007217514126858098
2022-11-21,0.003935010750622315,0.005435010750622316,-0.007268204973667052
2022-11-22,-0.0025811068304632577,-0.0010811068304632577,0.0003377800559984448
2022-11-23,0.0023054198466738412,0.0038054198466738413,0.0020970768795132004
2022-11-24,0.001587964289994599,0.003087964289994599,-0.004409471030017747
2022-11-25,0.005457372135271761,0.006957372135271761,-0.00974365425553305
2022-11-28,-0.0017920249535528375,-0.0002920249535528375,-0.005248702727340624
2022-11-29,-0.0019330121440501045,-0.0004330121440501045,-0.00014859778173772912
2022-11-30,0.005103321373342035,0.006603321373342036,-0.005038536878546284
2022-12-01,-0.004767521773339193,-0.0032675217733391933,0.008321727073175285
2022-12-02,-0.005740673189214795,-0.004240673189214794,0.001453843999966393
2022-12-05,-0.014695387300271489,-0.01319538730027149,0.004920793631100652
2022-12-06,-0.015037445696811811,-0.013537445696811812,0.005038345003580259
2022-12-07,-0.007976086161083517,-0.006476086161083516,-0.002994649468300313
2022-12-08,-0.00877307027213372,-0.00727307027213372,0.010108461902575123
2022-12-09,0.0021434140920073134,0.0036434140920073134,0.0023607917651653387
2022-12-12,0.0051101074704672424,0.006610107470467242,-0.0018531509217397531
2022-12-13,-0.006345780531514576,-0.0048457805315145755,0.006350623656734434
2022-12-14,0.006222648157293488,0.0077226481572934885,0.0035258915943624475
2022-12-15,-0.014906014286035444,-0.013406014286035444,0.006573049116656267
2022-12-16,0.013909286017555368,0.015409286017555368,-0.006607285199776469
2022-12-19,0.003833037930182305,0.005333037930182305,-0.006337891696319396
2022-12-20,-0.0026938146229032833,-0.0011938146229032833,-0.0021526763342954607
2022-12-21,-0.003262785680461726,-0.0017627856804617258,0.004815354325999352
2022-12-22,0.014548057054275384,0.016048057054275384,0.0036663849085487713
2022-12-23,-0.003325353112829353,-0.0018253531128293533,-0.0046273769527616845
2022-12-26,0.004567851361557273,0.006067851361557273,-0.006325334648103956
2022-12-27,0.004000309609946236,0.005500309609946236,0.01167168651744644
2022-12-28,0.017163378674851716,0.018663378674851717,-0.0033172104868096504
2022-12-29,0.004235125277970294,0.005735125277970293,0.009935599555443054
2022-12-30,0.00212945097182033,0.00362945097182033,0.0016304697221337667
2023-01-02,0.0022969126727809606,0.0037969126727809607,-0.015496234274699226
2023-01-03,0.0046973211192864964,0.006197321119286497,-0.004035718136845726
2023-01-04,0.009679396459398372,0.011179396459398371,-0.008286870004096263
2023-01-05,-0.004508912800536833,-0.0030089128005368337,0.0011049434396567487
2023-01-06,0.0034908011066483737,0.004990801106648374,-0.0018382267674347964
2023-01-09,-0.0009638767438920159,0.0005361232561079841,-0.0020481086864426058
2023-01-10,0.0008210553218641571,0.002321055321864157,0.004315196647020016
2023-01-11,0.00693134102188764,0.00843134102188764,-0.006803869337753669
2023-01-12,0.000606842922476643,0.002106842922476643,-0.008357375655863556
2023-01-13,-0.00024239423672067642,0.0012576057632793236,0.003769185491014872
2023-01-16,0.006072266106496816,0.007572266106496816,0.0008459678039107314
2023-01-17,-0.000836128247161648,0.000663871752838352,0.005335371736318392
2023-01-18,0.005878350118364902,0.007378350118364902,-0.0015993632005721942
2023-01-19,0.008484019171616205,0.009984019171616204,-0.008621921441753914
2023-01-20,-0.006805779873332866,-0.005305779873332866,-0.003518919549396686
2023-01-23,0.0033585967917543103,0.00485859679175431,0.002046774914763812
2023-01-24,0.005217742146796435,0.006717742146796435,-0.0016231546563310654
2023-01-25,-0.0011002328952516615,0.0003997671047483387,-0.0013684316653825787
2023-01-26,-0.008399082434688192,-0.006899082434688192,-0.0039949868897442824
2023-01-27,0.00854881719898464,0.01004881719898464,0.00902027425704194
2023-01-30,-0.004609825923007259,-0.0031098259230072593,-0.0009954739811435397
2023-01-31,0.003376208164308759,0.004876208164308759,-0.005824699752186212
2023-02-01,-0.004580139818932748,-0.0030801398189327475,-0.0032480161108864357
2023-02-02,-0.0009480032107092961,0.0005519967892907039,-0.003942203322556846
2023-02-03,0.00276761054963371,0.00426761054963371,0.0008088205452740538
2023-02-06,-0.0003355129211406113,0.0011644870788593887,-0.0008020656950505176
2023-02-07,-0.011565529421648861,-0.010065529421648862,-0.002761692099675743
2023-02-08,0.011291404474639216,0.012791404474639216,-0.006590848486104256
2023-02-09,0.008245810625013275,0.009745810625013274,0.0017048344439931761
2023-02-10,0.0019570565800974674,0.0034570565800974675,0.004098045676608554
2023-02-13,2.843016701638149e-05,0.0015284301670163815,0.009549412141739462
2023-02-14,0.0032372542979632007,0.004737254297963201,0.0003063593296355428
2023-02-15,0.005602745212733847,0.007102745212733847,-0.0030022147672991314
2023-02-16,-0.006543399211538462,-0.005043399211538463,0.0009936969019198228
2023-02-17,0.0007427027376223872,0.0022427027376223873,0.0009050102019259056
2023-02-20,0.001386071316814615,0.002886071316814615,-0.008510614691326133
2023-02-21,0.0002549096507907648,0.0017549096507907648,0.0003704530349751228
2023-02-22,0.0042669528945227415,0.005766952894522742,-0.0017484588172765035
2023-02-23,0.010145938865124894,0.011645938865124893,-5.0138745618581986e-05
2023-02-24,-0.006788200731263997,-0.005288200731263997,-0.002705718428870023
2023-02-27,-0.0006040973201816111,0.0008959026798183889,-0.003434662822841493
2023-02-28,0.0036352902388969116,0.005135290238896912,-0.0061425648310427395
2023-03-01,-0.01714649280944543,-0.01564649280944543,4.355103478094328e-05
2023-03-02,-0.0006350931244811052,0.0008649068755188948,-0.0062086341280952854
2023-03-03,0.004604514557213625,0.006104514557213625,-0.005056043439031975
2023-03-06,0.010437316282414007,0.011937316282414007,-0.0042886041637824265
2023-03-07,0.005094162054124385,0.006594162054124385,0.0055818131871680065
2023-03-08,-0.0018055619848479907,-0.0003055619848479907,0.00022270112257618624
2023-03-09,-0.0025743321109271064,-0.0010743321109271066,-0.00537291910423106
2023-03-10,0.013551328327211827,0.015051328327211826,-0.00298536692317297
2023-03-13,0.003377879610949159,0.004877879610949159,-0.0009491253248711342
2023-03-14,0.0010156952942109126,0.0025156952942109127,-0.002905939589739974
2023-03-15,-0.003826629117313051,-0.002326629117313051,-0.004028301241168817
2023-03-16,-0.00011839010522171492,0.001381609894778285,0.001971380952119907
2023-03-17,0.0024880595470896725,0.003988059547089673,-0.012143245579551753
2023-03-20,-0.005598226683352008,-0.004098226683352008,-0.002040118294977643
2023-03-21,0.004797874337505333,0.006297874337505333,0.001441891060692781
2023-03-22,0.0013899064075732722,0.0028899064075732723,-0.01449466175160025
2023-03-23,-0.001059172184807543,0.00044082781519245713,4.2316905913182285e-05
2023-03-24,-0.008047979113797043,-0.006547979113797043,0.010667612857121348
2023-03-27,0.0031158588903916775,0.0046158588903916775,-0.0035416328222171323
2023-03-28,0.0007551541836593807,0.0022551541836593808,-0.007149539328297337
2023-03-29,-0.007063472787296753,-0.005563472787296754,-0.003905525871862829
2023-03-30,0.008059149964688412,0.009559149964688412,-0.003457815813707647
2023-03-31,-0.00020134813560001978,0.0012986518643999803,0.009843807436854115
2023-04-03,0.001209966466478475,0.002709966466478475,-0.008854245928379975
2023-04-04,0.011887824664613635,0.013387824664613635,-0.0014572366557640425
2023-04-05,-0.0020802557776054375,-0.0005802557776054375,-0.005898723258896642
2023-04-06,0.014957307352313357,0.016457307352313356,-0.023134666214101304
2023-04-07,-0.013909752708839939,-0.01240975270883994,-0.0008721923438202593
2023-04-10,-0.006174293010576563,-0.0046742930105765634,0.019405675738662524
2023-04-11,0.028358690354554888,0.02985869035455489,-0.012959855843515826
2023-04-12,0.04153139588273201,0.04303139588273201,0.021009917452450382
2023-04-13,0.0013164713931203514,0.0028164713931203515,-0.00034248401854300925
2023-04-14,-0.01828456250244157,-0.01678456250244157,-0.0080977161587146
2023-04-17,-0.008459477075455557,-0.006959477075455556,-0.0002927198059095126
2023-04-18,0.018221085497531986,0.019721085497531987,-0.011515956456661963
2023-04-19,0.008245699310580114,0.009745699310580114,0.0024475283403005877
2023-04-20,-0.00019568351688122195,0.001304316483118778,0.0004965814917851983
2023-04-21,-0.0024340508240021414,-0.0009340508240021413,0.004664514540177734
2023-04-24,0.006401493472343913,0.007901493472343913,-0.0007764187224695116
2023-04-25,0.02283918928064828,0.024339189280648283,0.00800665954859863
2023-04-26,0.031552676586455816,0.03305267658645582,0.01797052691446769
2023-04-27,0.015327225695726717,0.016827225695726717,0.024467044400611676
2023-04-28,-0.008192436201944573,-0.0066924362019445734,-0.006340609590619415
2023-05-01,-0.02292616869455877,-0.021426168694558767,0.007965303903968214
2023-05-02,0.030481741851716267,0.03198174185171627,-0.012491329412548527
2023-05-03,-0.03975264208525106,-0.03825264208525106,-0.0017719464980183717
2023-05-04,0.009972416985009011,0.011472416985009011,-0.002727638982958245
2023-05-05,-0.017683679468075825,-0.016183679468075824,0.0007645133195205889
2023-05-08,-0.014694797000870752,-0.013194797000870753,0.0002740723960890051
2023-05-09,0.025890909503582343,0.027390909503582344,-0.005563640437490351
2023-05-10,0.007906839968077851,0.00940683996807785,0.0050472448827049
2023-05-11,0.0008519278041515827,0.0023519278041515827,-0.001899853208478035
2023-05-12,-0.001462358967698051,3.7641032301949026e-05,0.006950062727471892
2023-05-15,-0.006817834758368278,-0.005317834758368278,-0.0033952320678771832
2023-05-16,0.011308958280267574,0.012808958280267574,-0.003940238908504326
2023-05-17,0.03628894921549501,0.03778894921549501,0.0007949577970367667
2023-05-18,-0.0017275181365490042,-0.00022751813654900416,-0.0033487766892006487
2023-05-19,-0.00984073526842951,-0.00834073526842951,-0.007501426194366799
2023-05-22,-0.005940453729258071,-0.00444045372925807,0.003397470363773892
2023-05-23,-0.011994626964883215,-0.010494626964883215,-0.004781038873012825
2023-05-24,0.005974813906348648,0.007474813906348648,-0.010494313580435932
2023-05-25,-0.024963758149093806,-0.023463758149093805,-0.007942323265547
2023-05-26,0.012455248604859272,0.013955248604859272,-0.011703892435932953
2023-05-29,-0.012761498965235438,-0.011261498965235438,0.006086344737610674
2023-05-30,-0.0003619813279289335,0.0011380186720710665,-0.002136555930812549
2023-05-31,-0.008921718722377573,-0.0074217187223775734,-0.0034539977228941906
2023-06-01,0.007492996734908183,0.008992996734908183,-0.008363585364861158
2023-06-02,0.0030984994512253234,0.004598499451225323,0.0015350006778308569
2023-06-05,-0.001830479165000841,-0.00033047916500084096,-0.0019668765216155942
2023-06-06,0.001204770466457279,0.002704770466457279,0.0010913247676687297
2023-06-07,-0.003467103757787042,-0.001967103757787042,0.00021189196766431507
2023-06-08,-0.014417866030784845,-0.012917866030784845,-0.010858372496327836
2023-06-09,0.0009303895257123953,0.0024303895257123953,0.009154983956147807
2023-06-12,-0.0005428779211353084,0.0009571220788646916,-0.0005810720096064969
2023-06-13,-0.005840253453247379,-0.0043402534532473785,0.0004722458016476207
2023-06-14,0.005141615044101811,0.006641615044101812,-0.003387818583447959
2023-06-15,0.006635770693130967,0.008135770693130966,-0.005838331079632506
2023-06-16,-0.0005865848983654819,0.0009134151016345182,0.003010293249444181
2023-06-19,-0.007975067422076137,-0.006475067422076136,-0.004032617286205064
2023-06-20,-0.007876768910225205,-0.006376768910225206,0.008749005826903867
2023-06-21,-0.01376957995466164,-0.01226957995466164,-0.01405759043307525
2023-06-22,-0.0024101319519704107,-0.0009101319519704107,-0.0010132914278951285
2023-06-23,-0.021666868442204508,-0.020166868442204507,0.004212471103029698
2023-06-26,-0.011222609388050848,-0.009722609388050849,0.007891394658372049
2023-06-27,-0.016509441692652102,-0.015009441692652102,-0.0030022988439970355
2023-06-28,-0.0009538006166603373,0.0005461993833396628,-0.0031951242245026423
2023-06-29,-0.010966043951653228,-0.009466043951653229,-0.005403157375481825
2023-06-30,-0.0014876279073264987,1.2372092673501329e-05,-0.003932215962782019
2023-07-03,0.0034989027843791392,0.004998902784379139,0.0014519024196490613
2023-07-04,0.004564327545227637,0.006064327545227638,-0.013102497001387362
2023-07-05,0.005165142991089135,0.006665142991089135,0.0020338613954809194
2023-07-06,-0.007988374797680085,-0.006488374797680085,0.00042731226347199184
2023-07-07,0.0005307964240193097,0.0020307964240193098,-0.007037236565594377
2023-07-10,0.00012041516853929018,0.0016204151685392902,-0.002753503263139827
2023-07-11,0.014668891682674703,0.016168891682674703,0.001142631162516668
2023-07-12,0.005072623319173955,0.006572623319173954,0.0016841869045317827
2023-07-13,0.0011572757810201966,0.0026572757810201966,0.005290816092441088
2023-07-14,-0.008597299982194493,-0.007097299982194493,-0.0018170016871983147
2023-07-17,1.8872859493780474e-05,0.0015188728594937805,0.002239778083268802
2023-07-18,0.0003815132817615043,0.0018815132817615043,0.004756351799676881
2023-07-19,-0.01016926251036817,-0.00866926251036817,-0.009472185089772371
2023-07-20,0.008786180525124644,0.010286180525124644,-0.0009377770501542858
2023-07-21,0.01069078004472608,0.012190780044726079,0.005132552502902083
2023-07-24,0.003236563035581759,0.004736563035581759,-0.0012806908269475431
2023-07-25,-0.01525926876235655,-0.013759268762356551,-0.0004932499930181008
2023-07-26,0.01665837421272936,0.01815837421272936,-0.006898987804680684
2023-07-27,-0.0004929232425233895,0.0010070767574766105,-0.011880386110482748
2023-07-28,-0.0028703616368652082,-0.0013703616368652084,0.0041717997593968565
2023-07-31,-0.0007293845099542212,0.0007706154900457788,0.0027183867280240535
2023-08-01,-0.0041683391144470925,-0.002668339114447093,-0.00037957966119553854
2023-08-02,-0.00025912369808105845,0.0012408763019189416,0.004072637552567489
2023-08-03,0.008871318527219453,0.010371318527219453,-0.0013425678642260274
2023-08-04,-0.00699855680020172,-0.00549855680020172,-0.0020261560922170394
2023-08-07,0.01094810327948475,0.01244810327948475,0.0030700456572799145
2023-08-08,0.007845932647343103,0.009345932647343102,3.783709861613976e-05
2023-08-09,0.009842767132187116,0.011342767132187116,-0.0005459033608710404
2023-08-10,0.002307249983656608,0.003807249983656608,-0.0024820742993714386
2023-08-11,-0.0007633174639108606,0.0007366825360891394,0.005216027032831401
2023-08-14,-0.0005075322423196125,0.0009924677576803875,-0.0008301507132275222
2023-08-15,-0.0018519363446920325,-0.00035193634469203247,0.008627013840895271
2023-08-16,0.007258320503544215,0.008758320503544215,-0.003847842640830161
2023-08-17,-0.007830342247214055,-0.006330342247214055,-0.00685663664776877
2023-08-18,-0.0022932691100850376,-0.0007932691100850375,-0.006393395564626229
2023-08-21,0.0002329323843225776,0.0017329323843225776,-0.0010687928079243002
2023-08-22,-0.0008245505389415197,0.0006754494610584803,0.004146772955534596
2023-08-23,0.002155920301167531,0.003655920301167531,0.012320327872601402
2023-08-24,0.012942479766992405,0.014442479766992405,0.010436492807599642
2023-08-25,-0.002621416303655659,-0.0011214163036556589,-0.00022684850492873812
2023-08-28,0.022097557550905395,0.023597557550905396,0.03553554334864655
2023-08-29,0.009404615545628148,0.010904615545628148,-0.018590763639772426
2023-08-30,-0.012123970018880208,-0.010623970018880208,-0.01164989395285285
2023-08-31,0.002164747334511548,0.003664747334511548,-0.0003626630273872878
2023-09-01,-0.001422204956814881,7.779504318511897e-05,0.0009452078266773928
2023-09-04,-0.006929691875648961,-0.005429691875648962,-0.0017274743991002916
2023-09-05,0.0015392212319467594,0.0030392212319467595,-0.0007928018913965591
2023-09-06,0.013558799804878298,0.015058799804878297,0.008104457063305577
2023-09-07,0.00805166099249677,0.009551660992496769,0.008531191391920925
2023-09-08,0.008766023378524604,0.010266023378524603,0.010115771314506214
2023-09-11,0.000653509889529559,0.002153509889529559,0.003903807865740173
2023-09-12,0.0053342556155363385,0.006834255615536338,0.009397723833994067
2023-09-13,0.004503728281389381,0.00600372828138938,0.009160657632837745
2023-09-14,-0.006488299074435476,-0.004988299074435477,-0.0011948075244863896
2023-09-15,-0.004569321079974568,-0.0030693210799745685,0.00394571735008107
2023-09-18,-0.0008182763760136199,0.0006817236239863801,0.000530771643583523
2023-09-19,-0.010918835439056676,-0.009418835439056677,-0.00293402418399674
2023-09-20,-0.0001774892230208872,0.0013225107769791128,0.004248697250573015
2023-09-21,0.004455258259708335,0.005955258259708334,-0.005926335827925171
2023-09-22,0.013334149306220601,0.0148341493062206,-0.0003954247085612636
2023-09-25,0.003568084992301813,0.005068084992301813,-0.010909703325103902
2023-09-26,-0.005946068517596263,-0.004446068517596263,-0.001078338212325319
2023-09-27,0.0018247715095561566,0.0033247715095561566,-0.004722726520290819
2023-09-28,0.0008744534236447897,0.0023744534236447897,-0.0011627061019659026
2023-09-29,0.005202875731858276,0.006702875731858277,-0.011869925547228448
2023-10-02,0.005378760273952128,0.006878760273952129,0.005194982362731106
2023-10-03,0.0061412828642702765,0.007641282864270277,0.0073185633365526834
2023-10-04,0.014665679268370516,0.016165679268370516,0.0021796635109406397
2023-10-05,-0.008830064555959275,-0.007330064555959276,0.003026980604708064
2023-10-06,0.005366132417843851,0.00686613241784385,0.0023179345401825716
2023-10-09,-0.00021850591545906502,0.001281494084540935,-0.002015623199962101
2023-10-10,0.005383920376175784,0.006883920376175783,0.0034062585896862184
2023-10-11,0.014084221378690283,0.015584221378690283,0.0021048026537815027
2023-10-12,-0.003288626619927375,-0.0017886266199273748,0.0078098517231854365
2023-10-13,0.0021082123922816567,0.0036082123922816568,-0.00370846188619348
2023-10-16,-0.008840802025832017,-0.007340802025832017,-0.002193449220685244
2023-10-17,-0.0027526052725958413,-0.0012526052725958413,-0.007868552933066375
2023-10-18,0.007627332834290941,0.00912733283429094,0.0009542136993299327
2023-10-19,0.004275778712317775,0.005775778712317775,-0.00871784495422581
2023-10-20,-0.006842194570184954,-0.005342194570184955,0.002423810003913203
2023-10-23,-0.004523770610873628,-0.0030237706108736276,0.0023384671784373377
2023-10-24,0.0036930369196751926,0.005193036919675193,0.0015798046592178441
2023-10-25,0.004919640179162145,0.006419640179162145,-0.0013005898408539923
2023-10-26,-0.0011013369394055222,0.00039866306059447784,-0.01127920106879035
2023-10-27,-0.007328659497235688,-0.005828659497235688,3.949220197895344e-05
2023-10-30,-0.0013577501394732225,0.00014224986052677755,-0.00759141646697618
2023-10-31,-0.003177440816656417,-0.001677440816656417,0.0006354451425879216
2023-11-01,0.000680148614869076,0.002180148614869076,0.0029310322946539745
2023-11-02,-0.006233632765708661,-0.004733632765708661,0.003829568465397106
2023-11-03,-0.007151419052853785,-0.005651419052853784,-0.0011821882168882064
2023-11-06,0.0007164600049400466,0.0022164600049400466,-0.0010826729207472504
2023-11-07,0.004622252913236976,0.0061222529132369755,0.000727248842639396
2023-11-08,0.006075249152680758,0.007575249152680758,0.005754069210099955
2023-11-09,0.00814266550488075,0.00964266550488075,-0.004468018335530359
2023-11-10,0.012107311048742965,0.013607311048742965,-0.002783981452768596
2023-11-13,0.0010739679989861042,0.0025739679989861043,0.00292964508399769
2023-11-14,-0.00812214217386584,-0.006622142173865841,-0.0045994867603160565
2023-11-15,0.006140640649981634,0.007640640649981634,0.0025651366968876504
2023-11-16,-0.002355924534221625,-0.0008559245342216248,0.010032657564579063
2023-11-17,-0.005556324799580346,-0.004056324799580346,0.0031635363564542396
2023-11-20,-0.00048195847144458107,0.001018041528555419,0.00413434734326615
2023-11-21,-0.0031066599277035753,-0.0016066599277035753,0.0053119947770480635
2023-11-22,0.00820475962282783,0.00970475962282783,-0.00047595552779799294
2023-11-23,-0.0008134400868273256,0.0006865599131726744,0.002497401750331464
2023-11-24,0.004852312659479082,0.006352312659479081,0.0019456267831482977
2023-11-27,0.010712024451056224,0.012212024451056224,0.0032921337067960093
2023-11-28,0.006265952612420363,0.007765952612420363,-0.0022368673203126566
2023-11-29,-0.002082840431092307,-0.0005828404310923071,-0.0006578315315909731
2023-11-30,0.004485907089396042,0.005985907089396041,0.0062514992096647185
2023-12-01,0.0023511871050366463,0.0038511871050366463,-0.009721673533218893
2023-12-04,0.007576478974247054,0.009076478974247053,-0.0038881058614643736
2023-12-05,0.0014983842606564614,0.0029983842606564615,0.007573894582359693
2023-12-06,0.013909620742971592,0.015409620742971591,-0.0017978771565099571
2023-12-07,0.01338146418028113,0.014881464180281129,0.004317636413366561
2023-12-08,-0.0024568781273760043,-0.0009568781273760043,0.0014223544700905214
2023-12-11,0.0027902346604370474,0.0042902346604370475,-0.00493097319240429
2023-12-12,-0.011605087121271344,-0.010105087121271344,-0.0031406744149027155
2023-12-13,0.0015853922138820598,0.00308539221388206,-0.0015087766169873218
2023-12-14,0.0009265303798104154,0.0024265303798104154,-0.0010862618774637998
2023-12-15,-0.002133122176220946,-0.0006331221762209459,0.003034273235371644
2023-12-18,0.010230453069867869,0.011730453069867868,0.0010650421715017468
2023-12-19,0.008915427590699595,0.010415427590699595,0.000625535716824339
2023-12-20,0.004683688019200124,0.006183688019200124,-0.007395462461519885
2023-12-21,-0.0005904946410071209,0.0009095053589928792,-0.00651716760508381
2023-12-22,0.011002007094151108,0.012502007094151108,-0.0019051305357173126
2023-12-25,0.007752298769705608,0.009252298769705607,0.0028660429323697514
2023-12-26,0.004061295151956664,0.005561295151956664,-0.00482649091328417
2023-12-27,-0.009480626713678568,-0.007980626713678569,0.004368719343750629
2023-12-28,0.004597995210420893,0.006097995210420893,-0.0028113492408164452
2023-12-29,-0.004066542841224801,-0.0025665428412248005,0.00442753324034428
2024-01-01,-0.010368355937314727,-0.008868355937314727,0.002978927659750975
2024-01-02,-0.0040466133703902386,-0.002546613370390238,-0.0032838944131380597
2024-01-03,0.0027990805828273023,0.004299080582827302,-0.001032474961200379
2024-01-04,0.005016003102338885,0.006516003102338885,0.0055145291629013615
2024-01-05,0.011844620372305398,0.013344620372305398,0.0012311093526235287
2024-01-08,0.00438221357296277,0.00588221357296277,0.0074331610875255
2024-01-09,0.00554839573082252,0.0070483957308225195,-0.0016769521795949077
2024-01-10,0.011299675768977955,0.012799675768977954,-0.0034824423913868683
2024-01-11,-0.0021795810395343882,-0.0006795810395343882,0.002853291491886957
2024-01-12,-0.0007439639112152554,0.0007560360887847446,-0.007050035149821653
2024-01-15,0.006271835106118125,0.007771835106118124,0.0037210900100032927
2024-01-16,-0.0074809453566845145,-0.005980945356684514,-0.0008283120769372971
2024-01-17,0.007164380094339402,0.008664380094339402,0.0028911332262629495
2024-01-18,-0.0009126159310217752,0.0005873840689782249,-0.00312135034332922
2024-01-19,-0.00017691487270104405,0.001323085127298956,-0.0019908132715245534
2024-01-22,0.0011408891390654384,0.0026408891390654384,-0.0034128813386737717
2024-01-23,0.0051004420358791,0.0066004420358791,0.002524171707918989
2024-01-24,-0.00468530542598135,-0.00318530542598135,-0.001957348257555035
2024-01-25,0.005220786312054172,0.006720786312054173,0.004763578083573212
2024-01-26,2.857125311041134e-05,0.0015285712531104114,-0.006837338947138642
2024-01-29,-0.003891028188961481,-0.002391028188961481,-0.007057808481503655
2024-01-30,-0.003399795897680279,-0.0018997958976802785,-0.009752173404816893
2024-01-31,-0.002919758615124883,-0.001419758615124883,-0.0015317666804549146
2024-02-01,-0.005716695717496405,-0.004216695717496405,0.007636081701095034
2024-02-02,0.013095005890926877,0.014595005890926877,-0.0008596688725103102
2024-02-05,0.010393666527747676,0.011893666527747676,-0.005348850557629785
2024-02-06,0.008040650743670188,0.009540650743670187,0.0093795787080739
2024-02-07,0.009218616934024945,0.010718616934024944,0.007281474247422029
2024-02-08,0.001493020115667727,0.002993020115667727,-0.0029147824250142992
2024-02-09,-0.0027569238691606255,-0.0012569238691606255,-0.004440203651030948
2024-02-12,-0.0048714816079510545,-0.003371481607951054,0.004188218025158693
2024-02-13,0.0023030911451039204,0.0038030911451039204,-0.0023972124225501252
2024-02-14,0.0017946853246551936,0.0032946853246551937,0.0012146599550928688
2024-02-15,0.000798697839294395,0.002298697839294395,-0.011007865470707595
2024-02-16,-0.012419414688812974,-0.010919414688812974,0.003683217568800035
2024-02-19,0.002207659338809288,0.0037076593388092882,0.006382841490761166
2024-02-20,-0.0038203035279861497,-0.0023203035279861497,0.0003443158080800603
2024-02-21,0.004003013435898506,0.005503013435898507,0.007020522134050295
2024-02-22,0.007096816092543543,0.008596816092543542,0.01025325127169095
2024-02-23,-0.0013557704205992937,0.0001442295794007063,-0.006220168993715228
2024-02-26,-0.002061181194260035,-0.0005611811942600351,0.008578792062795515
2024-02-27,-0.0072491596112349115,-0.005749159611234911,0.004721800358421353
2024-02-28,0.0004058450541595828,0.0019058450541595828,-0.001670658099574661
2024-02-29,-0.015132594485393362,-0.013632594485393362,-0.0012765504571737789
2024-03-01,0.01112567899238346,0.01262567899238346,0.01276696671425521
2024-03-04,-0.000905436783120571,0.000594563216879429,0.00071889699266542
2024-03-05,-0.004614027568437678,-0.0031140275684376777,0.0028292070680188256
2024-03-06,-0.0015150921062222424,-1.5092106222242344e-05,0.0021052499521801503
2024-03-07,-0.0016078270152677194,-0.00010782701526771939,0.0018363724850600734
2024-03-08,0.0048324662478546904,0.006332466247854691,0.0016015560010448691
2024-03-11,-0.00276816814781856,-0.00126816814781856,-0.004502484446780956
2024-03-12,-0.0005666941198389946,0.0009333058801610054,-0.0035764328800211285
2024-03-13,-0.0001739749564485288,0.0013260250435514712,0.004826867949967336
2024-03-14,0.011300489279519177,0.012800489279519177,-0.006153033321313754
2024-03-15,0.010748195216641339,0.012248195216641338,0.0006201751468483075
2024-03-18,-0.00028774739134031875,0.0012122526086596813,0.0006565675119236292
2024-03-19,0.0050614255865596945,0.006561425586559694,0.004846031365644949
2024-03-20,-0.00335784313328618,-0.00185784313328618,0.004259034718425916
2024-03-21,0.005154073977803743,0.006654073977803742,0.0006501588745320597
2024-03-22,0.004197189818492755,0.0056971898184927545,0.015920064050816096
2024-03-25,-0.004799946484148658,-0.0032999464841486584,-0.001405943995438634
2024-03-26,-0.002077767213397945,-0.000577767213397945,-0.005688744347503825
2024-03-27,0.0178755996140058,0.0193755996140058,-0.005183625940547824
2024-03-28,0.00847840323612757,0.00997840323612757,0.0006223680387318921
2024-03-29,-0.0031154710927213934,-0.0016154710927213933,-0.004664866020307443
2024-04-01,0.005114821689838589,0.00661482168983859,-0.0019159328080138858
2024-04-02,-0.012140759209690509,-0.01064075920969051,0.004260876391058868
2024-04-03,-0.0008770436569580584,0.0006229563430419417,-0.0014754644404819648
2024-04-04,0.005620812199420129,0.0071208121994201295,-0.002158679514885996
2024-04-05,0.010928128939799893,0.012428128939799893,0.0023878228126743574
2024-04-08,0.01089159768286081,0.01239159768286081,-0.006893111312555603
2024-04-09,-0.0016610419274073235,-0.00016104192740732347,-0.005139583207534581
2024-04-10,0.009600598809969265,0.011100598809969265,0.0010324468986553825
2024-04-11,0.0031145267905825394,0.004614526790582539,-0.0067096984056244854
2024-04-12,0.0023586932826342452,0.0038586932826342453,0.007513964733162267
2024-04-15,0.00811273025249928,0.00961273025249928,-0.006638508044459623
2024-04-16,0.012066248259550218,0.013566248259550218,-0.0030344398792425784
2024-04-17,0.005136389171981377,0.0066363891719813765,-0.003888692323840369
2024-04-18,-0.0014495471691578208,5.045283084217922e-05,0.008029174007295694
2024-04-19,-0.0009696818240303149,0.0005303181759696851,-0.003396493517912828
2024-04-22,-0.001335050393947028,0.00016494960605297203,0.006255239753537341
2024-04-23,0.007228364049164399,0.008728364049164399,-0.001213292285415528
2024-04-24,-0.0020144693967284956,-0.0005144693967284956,0.003419422256601586
2024-04-25,-0.006481738522097267,-0.004981738522097268,-0.01001689548311539
2024-04-26,-0.003644580317152296,-0.002144580317152296,0.008808152196617049
2024-04-29,0.0018999087196778642,0.0033999087196778643,-0.002502878782108474
2024-04-30,0.0031856111252437937,0.004685611125243794,-0.0013627938701757701
2024-05-01,-0.0066286723923821445,-0.005128672392382144,0.0011899085933863474
2024-05-02,-0.0032036908160790953,-0.0017036908160790953,-0.00010397345306751822
2024-05-03,0.001214491444946376,0.002714491444946376,-0.0038019646374008163
2024-05-06,-0.0018676424396507495,-0.00036764243965074946,0.006625644156849282
2024-05-07,-0.0011060019429521327,0.0003939980570478673,0.012504396979365147
2024-05-08,-0.002370509655173729,-0.0008705096551737289,-0.01750936249529685
2024-05-09,0.004125237018390522,0.005625237018390522,-0.0031439320113589336
2024-05-10,0.0015437671479564953,0.0030437671479564953,0.01024194949655103
2024-05-13,0.009513456106977921,0.011013456106977921,-0.007634778997353936
2024-05-14,-0.00017638551268260626,0.0013236144873173938,-0.00015339688235121865
2024-05-15,0.0006254858824367893,0.0021254858824367893,-0.006214303839925803
2024-05-16,-0.002244264970833552,-0.0007442649708335521,0.0011122019143613954
2024-05-17,0.01820103470647008,0.019701034706470083,-0.007414671983007609
2024-05-20,0.00033553620479834885,0.0018355362047983489,0.0003480083320169876
2024-05-21,0.001984125124170734,0.003484125124170734,-0.00018943268486779465
2024-05-22,-0.002862009034732596,-0.001362009034732596,-0.0008993636717313015
2024-05-23,0.005151021910345423,0.006651021910345422,0.004034543434904721
2024-05-24,-0.0003518084802219706,0.0011481915197780294,-0.0030146173425327862
2024-05-27,0.005305924511218092,0.006805924511218092,-0.008901372865224943
2024-05-28,0.011528271105554828,0.013028271105554828,0.007098746128137138
2024-05-29,0.007846552040585887,0.009346552040585886,-0.007017189325705506
2024-05-30,0.0009636467246747784,0.0024636467246747784,0.004291492974784846
2024-05-31,-0.0023344462132790667,-0.0008344462132790665,-0.004097783961856725
2024-06-03,-0.0027946713112180096,-0.0012946713112180095,-4.70062951670033e-06
2024-06-04,0.002256651404699612,0.003756651404699612,0.009341945885792775
2024-06-05,0.0083598148834942,0.0098598148834942,0.004828211890351786
2024-06-06,-0.014660849248883315,-0.013160849248883316,-0.0034625687217008853
2024-06-07,-0.005278241994374754,-0.0037782419943747534,0.0017847183912068536
2024-06-10,0.0008858928764829978,0.002385892876482998,-0.00322294853727562
2024-06-11,0.00477657301468732,0.00627657301468732,0.004007821916510831
2024-06-12,-0.003014717526738302,-0.001514717526738302,-0.005007945906388887
2024-06-13,0.0016334994028656034,0.0031334994028656034,0.0067335142745190875
2024-06-14,0.003792422167380478,0.005292422167380478,-0.0034463696715808056
2024-06-17,-0.005026352120539755,-0.0035263521205397552,0.004251945838164978
2024-06-18,-0.0007108188554391701,0.0007891811445608299,0.008902861237254341
2024-06-19,0.009785993355839307,0.011285993355839307,0.009070755151620332
2024-06-20,0.004210471968072178,0.005710471968072178,-0.00688674163451739
2024-06-21,0.00668178941765781,0.00818178941765781,-0.0018287811598480378
2024-06-24,0.003612387927771434,0.005112387927771434,-0.0053290837178801105
2024-06-25,0.003722604389877217,0.005222604389877217,-0.009246202091860766
2024-06-26,0.003404238338169437,0.004904238338169437,0.004947412157818205
2024-06-27,-0.0008185850099444321,0.0006814149900555679,0.007476660836237981
2024-06-28,-0.0020531762709341526,-0.0005531762709341526,0.007447246877945847
2024-07-01,-0.0037269868629323734,-0.0022269868629323734,0.002690373487958487
2024-07-02,0.005934936965882105,0.007434936965882105,-0.004424174351762287
2024-07-03,-0.0006285224761957905,0.0008714775238042095,-0.0003774274700660816
2024-07-04,0.0005734226583151663,0.0020734226583151664,-0.007262594043054248
2024-07-05,0.0020532362030095852,0.0035532362030095853,-0.004165715317139981
2024-07-08,-4.9531803469969604e-05,0.0014504681965300304,0.003864239979370588
2024-07-09,0.0060872941910564155,0.007587294191056416,-0.002998412992243109
2024-07-10,-0.0070933125360179185,-0.005593312536017919,0.004828854660722099
2024-07-11,0.0006424399512143476,0.0021424399512143476,0.004008063709545925
2024-07-12,-0.001552627155696172,-5.262715569617207e-05,-0.006359691026878438
2024-07-15,0.00762353757205156,0.00912353757205156,-0.006082896964616091
2024-07-16,-0.0050392444858791945,-0.003539244485879195,0.00032554097804684146
2024-07-17,-0.0011864784480113727,0.0003135215519886273,0.0007899813806128988
2024-07-18,0.0010997601418636055,0.0025997601418636055,-0.0050260915131993805
2024-07-19,-0.009988478748588757,-0.008488478748588758,-0.004213526298388146
2024-07-22,-0.00030228163099360475,0.0011977183690063953,-0.0029241625723967035
2024-07-23,0.0017509218391542417,0.0032509218391542417,0.004210311553764131
2024-07-24,-0.0026206434977120094,-0.0011206434977120094,0.0015036067870194303
2024-07-25,-0.006868767497901933,-0.005368767497901932,0.007921460069000266
2024-07-26,0.0033362282116828523,0.004836228211682852,-0.00011030525665298597
2024-07-29,0.010590769175344319,0.012090769175344318,0.0013778406896392827
2024-07-30,0.007082017122170449,0.008582017122170448,0.002327422251218837
2024-07-31,0.00712814330620787,0.00862814330620787,0.008001643864549497
2024-08-01,0.001855852276018739,0.003355852276018739,0.002788017533100907
2024-08-02,-0.0012159090989073127,0.0002840909010926873,-0.0023276761669209873
2024-08-05,-0.0028270744738125284,-0.0013270744738125284,-0.002281009255482557
2024-08-06,0.011213943713181419,0.012713943713181419,0.008689536603973725
2024-08-07,-0.0014028818221235514,9.711817787644848e-05,0.00034885852963684855
2024-08-08,0.0013374409290845559,0.002837440929084556,-0.003240165731041976
2024-08-09,0.0020943537019227367,0.0035943537019227367,-0.0011283813242921382
2024-08-12,0.0035451166138372133,0.005045116613837213,0.001528491438734444
2024-08-13,-0.002423486806809165,-0.0009234868068091649,-0.008162491163302992
2024-08-14,-0.0027640772259862286,-0.0012640772259862286,-0.0028289778463878525
2024-08-15,0.002094442501147277,0.003594442501147277,-0.004925657174833685
2024-08-16,-0.0003399737854919414,0.0011600262145080587,-0.013323670550215714
2024-08-19,0.0007046561253063253,0.0022046561253063254,0.003510875549962596
2024-08-20,-0.0009904812128268482,0.0005095187871731518,0.0023044455165904818
2024-08-21,0.001351447069328594,0.002851447069328594,0.0038745925468593244
2024-08-22,0.00045800175832374666,0.0019580017583237467,-0.005377842712034751
2024-08-23,-0.003823020299775447,-0.002323020299775447,0.010030281174528812
2024-08-26,0.0010648319682722298,0.00256483196827223,0.000562974299623621
2024-08-27,0.008061917183258356,0.009561917183258356,0.00349258710148568
2024-08-28,0.004081221294960465,0.005581221294960465,0.00045210460990706804
2024-08-29,0.0010320991813773063,0.0025320991813773063,0.0058755178373111686
2024-08-30,0.0007500665228949892,0.0022500665228949892,0.0029154529238674637
2024-09-02,-0.0004650262020810358,0.0010349737979189642,-0.002780168209488469
2024-09-03,-0.00024491946115290245,0.0012550805388470976,-0.006917905953118607
2024-09-04,-0.010258584166074738,-0.008758584166074739,-0.0049382379050797055
2024-09-05,0.00999925605522072,0.01149925605522072,-0.004833855451438494
2024-09-06,-0.00995923441155808,-0.00845923441155808,-0.0043851325554575705
2024-09-09,-0.009938766564490241,-0.008438766564490241,0.0009323818885043646
2024-09-10,0.003979709312334875,0.005479709312334874,0.0030942985930387094
2024-09-11,-0.0023955437313605927,-0.0008955437313605929,-0.004086657741706022
2024-09-12,0.006999493299211047,0.008499493299211047,0.0010212397566077237
2024-09-13,0.00965956908105863,0.01115956908105863,0.010228019199241696
2024-09-16,0.007697521365854311,0.00919752136585431,-0.0031884102070107033
2024-09-17,-0.004413128351607408,-0.0029131283516074078,0.000793621259517503
2024-09-18,0.008475724739511982,0.009975724739511981,0.002054162986260035
2024-09-19,-0.00403371624482534,-0.0025337162448253406,0.007394886946638481
2024-09-20,-0.005479358387760251,-0.0039793583877602515,0.006492091289780533
2024-09-23,-0.002643690322171609,-0.001143690322171609,0.002157202624240102
2024-09-24,0.002039166001700144,0.003539166001700144,0.002408878339672744
2024-09-25,-0.011490437889680875,-0.009990437889680875,0.007531494027371811
2024-09-26,0.004846416547519562,0.006346416547519562,0.0008561745554432243
2024-09-27,0.005302251656617263,0.006802251656617264,-3.981427930744219e-05
2024-09-30,0.013499714953478903,0.014999714953478903,-0.0009826282729269208
2024-10-01,0.004983548522622923,0.006483548522622923,0.0008549729426706077
2024-10-02,-0.00037944588668574605,0.001120554113314254,-0.0067232544978771
2024-10-03,0.0023679138231568987,0.0038679138231568987,0.000599270915823953
2024-10-04,0.008980759909527436,0.010480759909527435,-0.013488193440813104
2024-10-07,-0.011098105333282347,-0.009598105333282347,-0.02118399361892534
2024-10-08,0.018924726596180705,0.020424726596180706,0.00498963432379303
2024-10-09,0.005754429653113808,0.007254429653113808,-0.001960888052810243
2024-10-10,0.004738167049177235,0.0062381670491772345,-0.002296827317999671
2024-10-11,-0.007476787686024848,-0.005976787686024848,-0.012661349002649706
2024-10-14,-0.003952409845058579,-0.0024524098450585787,-0.00346771434094703
2024-10-15,-0.004076648616608962,-0.0025766486166089618,-0.00706744027854516
2024-10-16,0.00045882493442722227,0.0019588249344272223,0.003234537272295847
2024-10-17,0.005571352951094651,0.0070713529510946505,0.00024685045704351356
2024-10-18,-0.003562671595006921,-0.0020626715950069208,0.007986133858125436
2024-10-21,-0.0018620751369645178,-0.00036207513696451775,-0.00021227072985246934
2024-10-22,-0.00040508420372473023,0.0010949157962752698,0.0017986422661085476
2024-10-23,0.0024304648842458595,0.0039304648842458595,0.0018090975614541496
2024-10-24,0.004958830557390366,0.006458830557390366,-0.005609830081671995
2024-10-25,-0.0031898921511316447,-0.0016898921511316447,0.003845718322277743
2024-10-28,-0.007845457433984598,-0.006345457433984598,0.005099492763266251
2024-10-29,-0.010094244309745608,-0.008594244309745609,-0.008457895850594742
2024-10-30,0.000214417834284354,0.001714417834284354,-0.005397826371499946
2024-10-31,-0.0015341712523486797,-3.4171252348679654e-05,-0.0022368483449728732
2024-11-01,-0.007678836987359331,-0.0061788369873593315,-0.0030859559890376352
2024-11-04,0.005991202333690505,0.0074912023336905055,-0.004049523056907166
2024-11-05,0.004695051816767737,0.006195051816767738,-0.006192518286833424
2024-11-06,0.00196902530821015,0.00346902530821015,0.0006845674557403101
2024-11-07,-0.0014582834373221653,4.171656267783468e-05,0.00040165727970804636
2024-11-08,-0.005149479231564672,-0.0036494792315646726,-0.0017102890608108145
2024-11-11,0.01342731224148095,0.01492731224148095,-0.0014834540987034338
2024-11-12,0.008396235675518433,0.009896235675518433,-0.0017504800550035434
2024-11-13,0.005220355438732989,0.006720355438732989,-0.003173139414056341
2024-11-14,0.00022416551056596247,0.0017241655105659625,0.0023504299394539875
2024-11-15,0.004581123260452031,0.006081123260452031,-0.010996786990970462
2024-11-18,0.002622852120484465,0.004122852120484465,-0.0027637887808190198
2024-11-19,-0.0013617248752214304,0.00013827512477856962,0.003208138244145221
2024-11-20,-0.004582777369616202,-0.003082777369616202,0.005226894813060009
2024-11-21,0.0036479803562094247,0.005147980356209425,0.0004022017853182857
2024-11-22,-0.005689245859735386,-0.0041892458597353865,-0.00387105436365287
2024-11-25,0.011410549390197785,0.012910549390197784,0.007082550524381111
2024-11-26,-0.005376095060883516,-0.0038760950608835165,-0.0002238764298157646
2024-11-27,0.0034385925799583455,0.0049385925799583456,0.0009355485431052821
2024-11-28,-0.00675521392086296,-0.0052552139208629604,0.017036219068773707
2024-11-29,0.005454822014189738,0.006954822014189737,-0.0008770079235528847
2024-12-02,-0.0002559110725124428,0.0012440889274875572,0.0007695423461428559
2024-12-03,0.006695980650854324,0.008195980650854324,-0.00018627075622995983
2024-12-04,0.007721483439749812,0.009221483439749812,0.0025546443615102068
2024-12-05,0.0034032723150081655,0.004903272315008166,0.0033596671759507537
2024-12-06,0.006140472587210429,0.0076404725872104284,0.010183390078146089
2024-12-09,-0.005417434101248335,-0.003917434101248335,-0.0026803123993113785
2024-12-10,0.011389734784234171,0.01288973478423417,0.004272974686639369
2024-12-11,0.004826519380910178,0.006326519380910178,-0.0006249495942169106
2024-12-12,-0.00034045764920916143,0.0011595423507908386,-0.00038755393276743025
2024-12-13,-0.006440250686748021,-0.0049402506867480215,0.0009421329587725531
2024-12-16,7.357801174806685e-05,0.0015735780117480669,-0.003922585462840066
2024-12-17,0.012965439031897194,0.014465439031897193,-0.005793067815251867
2024-12-18,-0.005441099754829813,-0.003941099754829813,-0.001450192905342167
2024-12-19,-0.0033673483253591247,-0.0018673483253591246,-0.0030350790614559853
2024-12-20,0.006094183127834225,0.007594183127834225,-0.0043129557442633006
2024-12-23,-0.0017509041995297167,-0.0002509041995297168,0.009198831638990298
2024-12-24,-0.009375230070748218,-0.007875230070748218,-0.0006212327971239153
2024-12-25,0.00432802906801006,0.0058280290680100605,-0.002430890004761714
2024-12-26,0.0057508666716961886,0.007250866671696188,-0.00234069104947917
2024-12-27,-0.004752457826921318,-0.003252457826921318,-0.002256106235101911
2024-12-30,-0.0034515503911479776,-0.0019515503911479775,-0.004897985608057924
2024-12-31,0.0013344701811988228,0.002834470181198823,-0.005527798943460732
2025-01-01,0.00398152417575235,0.005481524175752351,-0.0034726124522648882
2025-01-02,0.006108277973594941,0.007608277973594941,0.0005510886972535114
2025-01-03,0.01170751635061014,0.013207516350610139,-0.01849009242098002
2025-01-06,0.00521296183967453,0.00671296183967453,-0.0021280646575462963
2025-01-07,-0.0035283987231151553,-0.0020283987231151553,0.0016586609646452107
2025-01-08,0.001607134466420692,0.003107134466420692,0.00030982326423296264
2025-01-09,0.007372739464056284,0.008872739464056284,-0.0021830312379936866
2025-01-10,-0.005636826322336818,-0.0041368263223368175,0.0048477137465423766
2025-01-13,0.008493275066305586,0.009993275066305585,-0.014099113062740162
2025-01-14,-0.004033573423201863,-0.002533573423201863,-0.01129152268951201
2025-01-15,-0.001831253381868346,-0.0003312533818683461,0.01047225622826369
2025-01-16,-0.009044758455574285,-0.007544758455574285,-0.0017589742351536972
2025-01-17,-0.004123693011699878,-0.0026236930116998788,-0.00414286759302848
2025-01-20,-0.007475575356271167,-0.005975575356271167,-0.00037808371085014543
2025-01-21,-0.009051239896900059,-0.007551239896900059,-0.010260865273631195
2025-01-22,0.014565928890012276,0.016065928890012276,-0.0012438324998011662
2025-01-23,0.002626496081834352,0.004126496081834352,0.004236647835239988
2025-01-24,0.013603785068012715,0.015103785068012715,-0.0068492134075175785
2025-01-27,-0.000849433309935831,0.000650566690064169,0.00959232924114969
2025-01-28,0.014215260429081623,0.015715260429081623,-0.009028278955254107
2025-01-29,0.001997701936407871,0.003497701936407871,-0.009615898949591034
2025-01-30,0.0029176205326934897,0.00441762053269349,0.0030068256356339377
2025-01-31,0.003311188427546487,0.004811188427546487,-0.0023310108860247684
2025-02-03,7.1810294229326076e-06,0.0015071810294229326,-0.003939868116290771
2025-02-04,-0.002854443617398976,-0.001354443617398976,-0.0012349239155608192
2025-02-05,0.004169127834068205,0.005669127834068205,0.008766338061670728
2025-02-06,0.01162267842808651,0.01312267842808651,0.003088565753712765
2025-02-07,0.00917612421724643,0.01067612421724643,0.004431139880110119
2025-02-10,-0.004019787083270669,-0.0025197870832706693,-0.005335452849862364
2025-02-11,0.005196707650743116,0.006696707650743116,0.001803446566752527
2025-02-12,0.011854403269408132,0.013354403269408132,-0.00014171382926694148
2025-02-13,0.002578032212029253,0.004078032212029253,-0.012029393439568652
2025-02-14,-2.1756808447508102e-05,0.001478243191552492,-0.003911692687475276
2025-02-17,-0.0010804930117222873,0.00041950698827771275,-0.0014023966071494407
2025-02-18,-0.002819419158537494,-0.0013194191585374937,-0.004791102824575953
2025-02-19,0.012048599853896948,0.013548599853896948,-0.00826021479377189
2025-02-20,0.00027151909380924836,0.0017715190938092484,-0.00850513908068262
2025-02-21,0.002664286399379019,0.004164286399379019,-0.00047673560566040404
2025-02-24,0.0018464492036319512,0.003346449203631951,0.007942946024841082
2025-02-25,0.0001884332059230013,0.0016884332059230013,-0.0001563179997136942
2025-02-26,-0.008912200458997259,-0.007412200458997259,-0.006079297739642357
2025-02-27,-0.002904050186421335,-0.001404050186421335,-0.0022631633279709116
2025-02-28,0.007842275305805524,0.009342275305805524,0.008604490531117682
2025-03-03,-0.008427984164686523,-0.006927984164686523,0.007448689141500127
2025-03-04,-0.0021150882558271787,-0.0006150882558271786,0.0030826047205980435
2025-03-05,0.011255247559052575,0.012755247559052574,0.011452835604265106
2025-03-06,0.01742092309027602,0.018920923090276022,9.479756645872778e-05
2025-03-07,-0.005879681698431897,-0.004379681698431897,-0.007765315411076983
2025-03-10,-0.00567697870799818,-0.0041769787079981805,0.00019353389292351537
2025-03-11,0.007678072564137441,0.00917807256413744,0.0007634389122125281
2025-03-12,-0.008313270691584872,-0.0068132706915848724,-0.0003139967097530107
2025-03-13,-0.006193023581656786,-0.004693023581656785,0.0065557218830018995
2025-03-14,0.005666456311389869,0.007166456311389869,0.005787222767741337
2025-03-17,0.0027295353440939985,0.0042295353440939985,-0.004372222807391617
2025-03-18,0.006758438142004377,0.008258438142004377,0.0011581744667132255
2025-03-19,0.019814330581927178,0.02131433058192718,-0.00026360108652985666
2025-03-20,-4.279587143564542e-05,0.0014572041285643546,-0.00840960501599503
2025-03-21,-0.004158550293682471,-0.0026585502936824715,0.00013646266888253764
2025-03-24,0.002843726856406221,0.004343726856406221,0.004055560118130703
2025-03-25,-0.014603127906706214,-0.013103127906706214,-0.009383358208729485
2025-03-26,-0.0029431014968222193,-0.0014431014968222192,0.0014657366824654592
2025-03-27,0.001462783165484606,0.002962783165484606,0.00605220158231037
2025-03-28,0.006196569425481942,0.007696569425481942,-0.0025279968835861407
2025-03-31,0.0067837600641967605,0.00828376006419676,-0.001219583324471345
2025-04-01,0.009673076888281748,0.011173076888281747,0.0010909054597950892
2025-04-02,-0.008491528301027661,-0.006991528301027661,-0.01742985280299563
2025-04-03,-0.0041369400191417025,-0.002636940019141703,-0.007052498293833602
2025-04-04,0.005217813024480508,0.0067178130244805075,0.009320684616136301
2025-04-07,0.010193744288935705,0.011693744288935704,0.003802997339571902
2025-04-08,-0.0016496984105625156,-0.0001496984105625156,-0.0022750905656821964
2025-04-09,0.007591675270094557,0.009091675270094557,-0.006062155692537173
2025-04-10,0.0012603320260106596,0.0027603320260106597,0.003990312734259038
2025-04-11,0.013029933979818204,0.014529933979818204,0.0025041263604165874
2025-04-14,-0.001130057579846459,0.00036994242015354114,-0.009755841018501807
2025-04-15,-0.006594639234367587,-0.005094639234367588,-0.0022322675186319794
2025-04-16,0.0018000753609499673,0.0033000753609499674,-8.44861159092665e-07
2025-04-17,0.007915641826862404,0.009415641826862404,-0.0049271476708221944
2025-04-18,0.00547118105093234,0.00697118105093234,-0.007109182907315008
2025-04-21,0.00020921439531514487,0.001709214395315145,-0.004884615706499699
2025-04-22,0.007614524041476951,0.009114524041476951,-0.00047245954765191443
2025-04-23,-3.0528671477985346e-05,0.0014694713285220147,-0.0012270622400126206
2025-04-24,0.0021317375697221044,0.0036317375697221045,0.0018455449346056149
2025-04-25,0.004309588452866933,0.005809588452866932,0.0029844650553709612
2025-04-28,0.00278404383466583,0.00428404383466583,0.0011096294658837565
2025-04-29,0.0003190289073643727,0.0018190289073643728,-0.0036812897511571516
2025-04-30,0.00018220276380174344,0.0016822027638017435,-0.0015127069147724812
2025-05-01,-0.0006498349369727084,0.0008501650630272917,0.010284881252952802
2025-05-02,0.006355117844871978,0.007855117844871978,0.006018916015182625
2025-05-05,0.006387353280360398,0.007887353280360398,-0.004870411988262284
2025-05-06,0.010431388704713452,0.011931388704713452,-0.005511844082359989
2025-05-07,0.004384739555147035,0.005884739555147034,-0.0026501704755588487
2025-05-08,-0.00022530601556267982,0.0012746939844373202,0.004145105711693161
2025-05-09,0.009085137987834514,0.010585137987834514,-0.0010336023268908076
2025-05-12,0.0033179517067983733,0.004817951706798373,-0.008200209627750803
2025-05-13,-0.012371666621237674,-0.010871666621237674,0.009611993564822592
2025-05-14,0.003011950503972956,0.004511950503972956,0.00020650231264753428
2025-05-15,0.009308041606991892,0.010808041606991892,0.0020487716141312016
2025-05-16,-0.002320250236173814,-0.0008202502361738138,-0.0029053494695046745
2025-05-19,-0.006333728774377982,-0.0048337287743779826,-0.0014740612762749448
2025-05-20,0.0062481040949238405,0.007748104094923841,0.014128837740015112
2025-05-21,-0.004493560674377865,-0.0029935606743778653,-0.001976663578298392
2025-05-22,0.015161012844454475,0.016661012844454474,-0.0041893286813755965
2025-05-23,0.00870423901461292,0.010204239014612919,-0.002327055572481772
2025-05-26,0.0010159726078430424,0.0025159726078430424,0.0090635895838129
2025-05-27,-0.0072321732493638765,-0.005732173249363876,0.0016775371041174007
2025-05-28,0.006535971410965366,0.008035971410965365,-0.006221483819316951
2025-05-29,-0.00012962175785964257,0.0013703782421403575,-0.002417130362792612
2025-05-30,-0.0015660638038953222,-6.606380389532216e-05,0.007719243564241715
2025-06-02,-0.0035999793466608577,-0.0020999793466608577,0.0018193683402654105
2025-06-03,-0.0011468652316729265,0.0003531347683270736,0.0027882844629962054
2025-06-04,0.004778609856351536,0.006278609856351536,0.0011215049934516171
2025-06-05,0.0036750941688158414,0.005175094168815841,-0.008831415540156888
2025-06-06,-0.0008662085208630199,0.0006337914791369802,0.010692836455843744
2025-06-09,0.0012448285248481085,0.0027448285248481085,0.0001866600996105485
2025-06-10,-0.0038382808068279308,-0.0023382808068279307,0.0019131963117945644
2025-06-11,0.004805506688642365,0.006305506688642365,-0.0038728755343535246
2025-06-12,0.0041101156533828245,0.005610115653382825,-0.005819774583927727
2025-06-13,-0.004735125155661445,-0.003235125155661445,-0.007495436492046341
2025-06-16,0.013485792199463555,0.014985792199463555,0.010371099504704774
2025-06-17,-0.013708321964783702,-0.012208321964783702,0.0029983764947207905
2025-06-18,-0.0015978153933678893,-9.781539336788927e-05,0.005119244843311589
2025-06-19,-0.0016481566422915138,-0.0001481566422915138,-0.0010822815378645587
2025-06-20,0.010143371938262454,0.011643371938262453,0.014710654629899808
2025-06-23,-0.0004198497662594989,0.0010801502337405011,0.0021003206020261916
2025-06-24,0.00605880529126125,0.0075588052912612495,0.002220471147298554
2025-06-25,0.005838794404789873,0.007338794404789873,-0.0006089587906297977
2025-06-26,0.006168308406156493,0.007668308406156493,-0.010519781225026678
2025-06-27,0.002391712459781299,0.003891712459781299,-0.0048756067775709054
2025-06-30,-0.008229720226868024,-0.006729720226868024,0.0033243189454954815
2025-07-01,0.0027452598990522947,0.004245259899052295,-0.005041343646136802
2025-07-02,0.0028719591730630447,0.004371959173063045,0.0012931187059811848
2025-07-03,0.001985488980456775,0.003485488980456775,0.004436787300638657
2025-07-04,0.001874621513053999,0.003374621513053999,-0.0013504654947753812
2025-07-07,-0.0037943483496074063,-0.0022943483496074063,-0.005300097270101093
2025-07-08,0.002814255377916027,0.004314255377916027,-0.006352011766804987
2025-07-09,-0.00047509890849933714,0.0010249010915006629,-0.012045014924545638
2025-07-10,0.0032047551313449008,0.004704755131344901,0.006676336512535843
2025-07-11,0.0010339136368780152,0.0025339136368780152,-0.005815450136143773
2025-07-14,0.010725951215697761,0.01222595121569776,0.0043653003300699895
2025-07-15,-0.0006996478635979839,0.0008003521364020161,0.000542003793745467
2025-07-16,0.005283298889590251,0.0067832988895902505,-0.010965263487358642
2025-07-17,-0.005708232014191798,-0.004208232014191798,0.005945274298144933
2025-07-18,0.007775026803982029,0.009275026803982029,0.005860538523746113
2025-07-21,0.006995776407427498,0.008495776407427498,0.01732790123700749
2025-07-22,-0.006188536943762318,-0.0046885369437623175,0.004260063385590948
2025-07-23,-0.0025292599697362343,-0.0010292599697362343,0.0035843663935492998
2025-07-24,0.010650519048413794,0.012150519048413794,-0.0038281238643442005
2025-07-25,-0.0038368426378811594,-0.0023368426378811594,-0.014781439508312804
2025-07-28,0.0017268955057514867,0.0032268955057514867,-0.006026069083348132
2025-07-29,-0.0040792695692853645,-0.0025792695692853644,-0.007169307219793844
2025-07-30,-0.0039129820628184975,-0.002412982062818497,0.003550004863294772
2025-07-31,0.009842752218165137,0.011342752218165136,-0.001650886756127244
2025-08-01,0.0006563328431148994,0.0021563328431148995,-0.0061126305242902405
2025-08-04,-0.002172004464138465,-0.000672004464138465,0.0032589232390176095
2025-08-05,0.0016473458821850864,0.0031473458821850864,0.004865407135995056
2025-08-06,-0.0006896606637227117,0.0008103393362772883,-0.006987320795230227
2025-08-07,0.01391026727350166,0.015410267273501659,-0.004590371465928837
2025-08-08,-0.00840635036815338,-0.00690635036815338,0.003320101497335527
2025-08-11,-0.0026065055361436263,-0.001106505536143626,0.005130403828708271
2025-08-12,0.0027203076143093095,0.0042203076143093095,0.001782543389553372
2025-08-13,-0.01288740671778829,-0.01138740671778829,-0.008393227290734244
2025-08-14,0.003543338678967657,0.005043338678967657,-0.004322046529772975
2025-08-15,0.0033511666958790337,0.004851166695879034,-0.0008769537103377506
2025-08-18,0.016376893996341717,0.01787689399634172,0.0018270287992276936
2025-08-19,0.0077073934854177475,0.009207393485417747,0.004355527810701011
2025-08-20,0.009513234373638452,0.011013234373638452,-0.004732976924317654
2025-08-21,0.006371880605759729,0.007871880605759728,-0.011869274713725023
2025-08-22,0.011260125467193063,0.012760125467193063,-0.0008974553135720638
2025-08-25,0.011076756512284232,0.012576756512284232,0.00313981670278708
2025-08-26,-0.0016476866669968824,-0.00014768666699688238,0.002412971845314639
2025-08-27,0.005698899068205506,0.007198899068205505,-0.0021709711237926465
2025-08-28,0.007249220324059526,0.008749220324059526,0.003600208471718443
2025-08-29,0.005920534219086638,0.007420534219086638,-0.002337123123893757
2025-09-01,0.015976455687621856,0.017476455687621857,0.004015372135319113
2025-09-02,0.005054461989998139,0.006554461989998139,-0.009338833399499718
2025-09-03,-0.004572596098210228,-0.0030725960982102285,-0.0051469944039264845
2025-09-04,-0.0054707649727023504,-0.00397076497270235,-0.004241595393152829
2025-09-05,-0.002250855144933821,-0.000750855144933821,0.004067097223115164
2025-09-08,-0.0007283762551321113,0.0007716237448678888,0.008743323646142305
2025-09-09,-0.00019017449469276677,0.0013098255053072333,0.013706190812234544
2025-09-10,0.005167606367235518,0.006667606367235518,0.003267350762454153
2025-09-11,0.017557294658534044,0.019057294658534046,0.006320698689097204
2025-09-12,0.0017152219881339816,0.0032152219881339816,0.00027074524665156156
2025-09-15,0.0032746042503743974,0.004774604250374397,-0.0012274046568359668
2025-09-16,0.003982400005491972,0.005482400005491972,0.005637701342734464
2025-09-17,0.01102561799039983,0.01252561799039983,-0.0015629700741252848
2025-09-18,0.00029011315993346517,0.0017901131599334652,-0.01066014739117142
2025-09-19,0.0036237874004465174,0.005123787400446517,-0.00022812125003148116
2025-09-22,-0.010862603228343542,-0.009362603228343543,-0.00046668045645743405
2025-09-23,0.002338103781939067,0.003838103781939067,0.0019006981566047315
2025-09-24,0.001411805325071781,0.002911805325071781,6.468133285834204e-05
2025-09-25,5.324165263664469e-05,0.0015532416526366447,0.0016190815770724802
2025-09-26,-0.0013570352766449005,0.00014296472335509954,0.004357740911493513
2025-09-29,-0.004996948236820002,-0.003496948236820002,0.004163195652878968
2025-09-30,0.00040199147633582363,0.0019019914763358237,0.004569850209213612
2025-10-01,0.0009047118697150702,0.0024047118697150703,-0.0006617703678725262
2025-10-02,0.005578564614687566,0.007078564614687566,0.0008657196422788074
2025-10-03,-0.0010749914863344852,0.0004250085136655148,-0.005972191790949025
2025-10-06,0.01053624477593292,0.01203624477593292,-0.001393615015636993
2025-10-07,0.006533853995492096,0.008033853995492096,0.0055858255922686135
2025-10-08,-0.005255296957380716,-0.0037552969573807155,-0.005978706210179607
2025-10-09,-0.005449125360313221,-0.0039491253603132215,-0.002426831419109675
2025-10-10,0.004422588017772452,0.005922588017772451,-0.004996782466542959
2025-10-13,0.011112390912166937,0.012612390912166937,0.011106747721524958
2025-10-14,-0.0018743637979819522,-0.00037436379798195217,-0.004016467917028964
2025-10-15,0.011370798980843444,0.012870798980843444,0.003683256974824746
2025-10-16,0.0010657283657817666,0.0025657283657817666,-0.005210535976461022
2025-10-17,-0.0006018935796106169,0.0008981064203893831,-0.004830064881309874
2025-10-20,0.00250660121728047,0.00400660121728047,0.002600845125777835
2025-10-21,-0.0011851164637275689,0.00031488353627243115,-0.00021003208234879897
2025-10-22,-0.001203403550031955,0.00029659644996804513,-0.0012265581645570498
2025-10-23,0.007729783496275795,0.009229783496275795,-0.0025101592636685363
2025-10-24,0.0017965119153151156,0.0032965119153151156,-0.002589013357308488
2025-10-27,0.009981948691569494,0.011481948691569493,-0.0018600826835469583
2025-10-28,0.005660933331491093,0.007160933331491093,-0.008681091345261065
2025-10-29,-0.0008569126638187413,0.0006430873361812587,0.0010205340397096427
2025-10-30,0.003120888317566107,0.004620888317566107,-0.002514458989558143
2025-10-31,0.008941751891890207,0.010441751891890207,-0.004199048024070039
2025-11-03,0.00010942387826638018,0.0016094238782663802,0.0037492459915380544
2025-11-04,-0.007395597416338932,-0.005895597416338933,0.00701918620758217
2025-11-05,0.0073539069538788426,0.008853906953878842,-0.0015098922162430739
2025-11-06,-0.0022465891193277393,-0.0007465891193277393,0.006341937268932748
2025-11-07,0.00947360710021474,0.010973607100214739,-0.0036558381842318895
2025-11-10,-0.008956894599988002,-0.0074568945999880015,-0.011144127966762694
2025-11-11,-0.004838473087383647,-0.003338473087383647,-0.0077676918993962105
2025-11-12,0.004515407508056863,0.0060154075080568635,0.0015225183414341995
2025-11-13,0.001429617707025667,0.002929617707025667,-0.010459689056645825
2025-11-14,0.0007783215974180436,0.0022783215974180437,0.0031497911652006295
2025-11-17,0.0031243731358047834,0.004624373135804783,0.003219840976797972
2025-11-18,-0.0016881863217536527,-0.0001881863217536527,0.004863292569780627
2025-11-19,0.008976221771368373,0.010476221771368373,0.00048152160641143837
2025-11-20,0.008655635709754313,0.010155635709754312,-0.005515835671035257
2025-11-21,-0.0007247757593447355,0.0007752242406552645,-0.003956057508879299
2025-11-24,-0.009331244181668372,-0.007831244181668372,-0.0027949956969087965
2025-11-25,-0.007778553260287351,-0.006278553260287352,0.0024919107113177473
2025-11-26,-0.001826895965604473,-0.0003268959656044729,-0.0024009453337897426
2025-11-27,0.0035770630492284127,0.005077063049228413,-0.000766025909410903
2025-11-28,-0.0032720117496836828,-0.0017720117496836827,0.0004814000745456807
2025-12-01,0.006547792522189996,0.008047792522189996,-0.001909731036511268
2025-12-02,-0.0020405383380658827,-0.0005405383380658827,-0.0009831493251634058
2025-12-03,-0.0060951927611361725,-0.004595192761136173,0.007782918482486462
2025-12-04,-0.0036237602226577,-0.0021237602226577,0.001440854399893866
2025-12-05,0.011607062201187525,0.013107062201187524,-0.0017752169628021828
2025-12-08,0.001031189143643836,0.002531189143643836,-0.015235147808045987
2025-12-09,-0.001763490676268241,-0.00026349067626824096,0.004100728375644453
2025-12-10,-0.005737854526507517,-0.004237854526507517,-0.002201298901715896
2025-12-11,-0.011041254003514482,-0.009541254003514483,-0.012393557816671324
2025-12-12,-0.007202614944293797,-0.005702614944293798,-0.0034917981620087983
2025-12-15,0.0035252179467592875,0.0050252179467592875,0.0005689675543896883
2025-12-16,-0.0014121695067403858,8.783049325961426e-05,-0.01027827555734835
2025-12-17,-0.008774190363958283,-0.007274190363958283,0.0016656119490914066
2025-12-18,-0.00833795039179904,-0.00683795039179904,-0.0028448085464467727
2025-12-19,-0.0010758093859871858,0.0004241906140128142,0.0021474477864922513
2025-12-22,-0.0076828120583482245,-0.006182812058348225,0.002984881083293613
2025-12-23,-0.008216953533496744,-0.0067169535334967445,0.005225356923372355
2025-12-24,-0.006414603131373263,-0.004914603131373263,-0.0018060923676638516
2025-12-25,-0.001726496207090554,-0.00022649620709055398,-0.013464054961350367
2025-12-26,0.0005427230994979027,0.0020427230994979027,0.0012441895978863387
2025-12-29,0.0022314860459728323,0.0037314860459728323,0.008296397004354562
2025-12-30,-0.0020462650483431635,-0.0005462650483431634,-0.010139183804609583
2025-12-31,-0.0008455654646221324,0.0006544345353778677,0.000845711025724834
2026-01-01,0.003071548969410217,0.004571548969410217,0.007805552384479443
2026-01-02,0.0022707858688112265,0.0037707858688112265,-0.003005205504475764
2026-01-05,0.00023028181032072386,0.001730281810320724,-0.0004908241369285618
2026-01-06,0.004195937032712366,0.0056959370327123665,0.006832449480297466
2026-01-07,0.009346034811491702,0.010846034811491701,-0.0011048821219459368
2026-01-08,0.013458377091595164,0.014958377091595164,-0.0022172855975108137
2026-01-09,0.004142987478007299,0.0056429874780073,-0.0046323113786191795
2026-01-12,-0.0038326605084337034,-0.0023326605084337034,-0.002931644342121452
2026-01-13,0.014664079717079103,0.016164079717079102,0.011173609138061936
2026-01-14,-0.009900243250416,-0.008400243250416,0.006137177527866879
2026-01-15,0.001075052696067559,0.002575052696067559,0.008282233001591113
2026-01-16,-0.005689564050625182,-0.004189564050625183,0.0010119390165572793
2026-01-19,-0.0003615680067764735,0.0011384319932235265,0.014317761254280111
2026-01-20,0.00023422874692396014,0.0017342287469239602,-0.00615782296480547
2026-01-21,0.009822241651019926,0.011322241651019926,-0.013046479381177015
2026-01-22,0.008576802968578908,0.010076802968578907,6.026651728483585e-05
2026-01-23,0.0015437697425580497,0.0030437697425580498,-0.005685517578995202
2026-01-26,0.011998076622152501,0.013498076622152501,-0.00029246859451156773
2026-01-27,0.006993418080149402,0.008493418080149402,-0.0034595557445211297
2026-01-28,-0.028509213498492066,-0.027009213498492064,-0.019028075278705876
2026-01-29,0.016798724604407553,0.018298724604407554,-0.007765656371349209
2026-01-30,-0.009284943619582818,-0.007784943619582818,0.0001703150831903386
2026-02-02,0.01744655113090418,0.018946551130904182,-0.010707732099601295
2026-02-03,0.015548179088388544,0.017048179088388543,0.014412003832244136
2026-02-04,0.008126647563303498,0.009626647563303498,0.003307286075998951
2026-02-05,0.013053394132152297,0.014553394132152297,-0.001208958884178156
2026-02-06,0.02325519481793007,0.024755194817930072,-0.01019062815665803
2026-02-09,-0.017536392862169202,-0.0160363928621692,0.002354221016670772
2026-02-10,0.010237688900773386,0.011737688900773386,-0.012270780748006787
2026-02-11,0.004799119002592068,0.006299119002592068,-0.004102923913448081
2026-02-12,0.007078902352698618,0.008578902352698618,0.0011890294504815677
2026-02-13,-0.011947647110371995,-0.010447647110371995,0.0024419043427132982
2026-02-16,0.008961094146724653,0.010461094146724652,0.011787915755650137
2026-02-17,0.0005075311383568493,0.0020075311383568493,-0.010351898009586606
2026-02-18,0.00846572696150288,0.00996572696150288,-0.008431182350324706
2026-02-19,0.004693569274951792,0.006193569274951793,-0.0037034848708572756
2026-02-20,-0.0007825479512022769,0.0007174520487977232,-0.0004791321977284696
2026-02-23,-0.012793592659177396,-0.011293592659177397,-0.006324346676225117
2026-02-24,-0.0005840563208142952,0.0009159436791857049,-0.0071781903187242355
2026-02-25,0.006952866833724787,0.008452866833724787,0.0022239101030745623
2026-02-26,-0.003363700557825415,-0.0018637005578254152,-0.007699496822373662
2026-02-27,-0.002335390582113859,-0.0008353905821138589,0.0008200977538232314
2026-03-02,0.005714641743634598,0.007214641743634597,-0.008822020841649823
2026-03-03,0.004183347334612253,0.005683347334612254,-0.0025236249970328685
2026-03-04,0.005251906753040386,0.0067519067530403855,0.0005176286146984246
2026-03-05,0.000561907001851093,0.002061907001851093,-0.001981754008747648
2026-03-06,0.010449562890436416,0.011949562890436416,0.0057684618983570475
2026-03-09,0.004446867315067396,0.0059468673150673956,-0.012408391242964658
2026-03-10,-0.007612018602654185,-0.006112018602654185,1.6759049977028897e-05
2026-03-11,0.003894719288973287,0.005394719288973287,-0.006878415837287976
2026-03-12,-0.0026485884502796694,-0.0011485884502796693,-0.002493068934861563
2026-03-13,0.00527299314262499,0.00677299314262499,0.007942997403325254
2026-03-16,-0.00535432993678998,-0.00385432993678998,-0.0029538885895183924
2026-03-17,0.02942745324721007,0.030927453247210072,-0.0008470932485614082
2026-03-18,0.006166030832767086,0.007666030832767085,0.004619757214520471
2026-03-19,-0.0029262379650052506,-0.0014262379650052505,0.0072574408369186615
2026-03-20,0.0027256287538165625,0.0042256287538165625,0.006749749917369997
2026-03-23,0.00868894782137051,0.01018894782137051,-0.0015553256032437217
2026-03-24,-0.00124350614233356,0.00025649385766644004,0.0017053142047155309
2026-03-25,-0.004004676953798063,-0.0025046769537980626,-0.005917228524279271
2026-03-26,0.004371530197561159,0.005871530197561158,0.004393866758191896
2026-03-27,0.006249544359665189,0.00774954435966519,-0.0030094610432280333
2026-03-30,0.006373550752207203,0.007873550752207203,-0.0078532636375448
2026-03-31,-0.005028162923243134,-0.0035281629232431335,-0.0011171632117854863
2026-04-01,0.005520817389165536,0.007020817389165535,-0.00543987589627936
2026-04-02,0.034643232183448856,0.03614323218344886,0.0012057866502023853
2026-04-03,0.028485594579655306,0.029985594579655307,0.0075159320319549364
2026-04-06,-0.006993669550488727,-0.005493669550488727,-0.001718907717046385
2026-04-07,-0.002904319537403409,-0.0014043195374034091,0.004311363478267584
2026-04-08,0.00030649360845586135,0.0018064936084558614,0.006608527788997483
2026-04-09,-0.010792724981483828,-0.009292724981483829,-0.0025972024402793102
2026-04-10,-0.002688029056789514,-0.0011880290567895136,-0.007042761419937125
2026-04-13,0.014273984240607935,0.015773984240607934,-0.0010540148326051864
2026-04-14,0.0040285911587134085,0.005528591158713408,0.006627437360402508
2026-04-15,0.0070696548753439205,0.00856965487534392,0.004359916192783466
2026-04-16,-0.003918455786413718,-0.0024184557864137188,0.002956661770041014
2026-04-17,0.003002352683314487,0.004502352683314487,-0.008740293739204284
2026-04-20,7.933974292500092e-05,0.001579339742925001,-0.0005438014606181205
2026-04-21,0.017174325035365437,0.01867432503536544,-0.005127892395956023
2026-04-22,-0.00964521972449685,-0.00814521972449685,-0.0023031810620688744
2026-04-23,-0.002247888933380009,-0.0007478889333800091,0.006551948403854769
2026-04-24,0.005105725803526674,0.006605725803526674,-0.009007575734772903
2026-04-27,-0.004553357397600136,-0.0030533573976001364,-4.698789826026355e-05
2026-04-28,0.004431307102867583,0.005931307102867584,-0.006368871154119125
2026-04-29,0.013249641197832665,0.014749641197832664,-0.0014112124583665537
2026-04-30,-0.0010616642875433278,0.0004383357124566722,-0.006730962945570761
2026-05-01,0.010926661615996452,0.012426661615996452,-0.006146037461048607
2026-05-04,-0.0021522011936497385,-0.0006522011936497384,0.010471529114908014
2026-05-05,0.015704931929690042,0.017204931929690043,-0.008729148431566768
2026-05-06,0.004828064336321625,0.006328064336321625,-0.0019512992195898416
2026-05-07,0.0024766071378963315,0.0039766071378963316,-0.0021702660388435977
2026-05-08,-0.0026514583251540922,-0.0011514583251540922,-0.0010235067366908255
2026-05-11,0.0011528676679571927,0.0026528676679571928,0.00011192987824599349
2026-05-12,0.0033487897806411273,0.004848789780641127,0.004024900007280332
2026-05-13,-0.00027532946148888177,0.0012246705385111183,0.0009956219880096011
2026-05-14,0.005374726987876185,0.006874726987876185,0.0007676211251207376
2026-05-15,-0.0025842757666483464,-0.0010842757666483464,-0.0005746310877357373
2026-05-18,-0.01559667541548034,-0.01409667541548034,0.0056670709327038046
2026-05-19,0.0013283125365032926,0.0028283125365032927,-0.0030403062706048692
2026-05-20,-0.0053817659283686235,-0.003881765928368624,0.0006630229105281447
2026-05-21,-4.795544248446804e-06,0.0014952044557515532,-0.001405064417842665
2026-05-22,0.0007989261042593509,0.002298926104259351,-0.0018351156327972387
2026-05-25,-0.0020158167052964624,-0.0005158167052964624,-0.0014491232157103615
2026-05-26,0.004312258357152191,0.0058122583571521905,0.005924571265042438
2026-05-27,-0.000997877507729282,0.0005021224922707179,0.005316998504485833
2026-05-28,0.002979552407778465,0.004479552407778465,-0.005227652870786545
2026-05-29,0.01205604392114233,0.01355604392114233,-0.005845242308622137
2026-06-01,0.00488160769529924,0.00638160769529924,-0.009973439734241328
2026-06-02,0.001595625329994561,0.003095625329994561,-0.008932825954037042
2026-06-03,0.008038716356731054,0.009538716356731054,0.000477148936969941
2026-06-04,-0.009504948292518186,-0.008004948292518186,-0.012211299969884524
2026-06-05,-0.020997044702474203,-0.019497044702474202,-0.0016979827085945019
2026-06-08,-0.0047341470884564914,-0.003234147088456492,-0.006584736575422632
2026-06-09,-0.006225171227163517,-0.004725171227163517,0.004051680258722634
2026-06-10,-0.014920628103883395,-0.013420628103883395,0.0045340108360782845
2026-06-11,-0.00392426408321858,-0.0024242640832185802,0.0029400638135029483
2026-06-12,-0.007151831189331659,-0.005651831189331658,-0.003259043225215023
2026-06-15,-0.005103198155203674,-0.003603198155203674,-0.003748456938675603
2026-06-16,0.02143466758266249,0.02293466758266249,-0.009314575257068811
2026-06-17,-0.026253197250191304,-0.024753197250191303,0.007593409530950992
2026-06-18,-0.017448437413177174,-0.015948437413177172,-0.011722947164359709
2026-06-19,0.0002488159787625917,0.0017488159787625917,-0.000863990843024623
2026-06-22,0.00727849488379397,0.00877849488379397,0.006442398678360297
2026-06-23,0.0045647705145586605,0.00606477051455866,-0.005585069838358563
2026-06-24,0.0006035049790966986,0.0021035049790966986,-0.005513451081964165
2026-06-25,0.004487548103240476,0.005987548103240476,0.0007558886804593058
2026-06-26,0.00910858426438771,0.01060858426438771,-0.007499576930363875
2026-06-29,0.0028269171240020824,0.0043269171240020825,-0.006489801381472635
2026-06-30,0.0020795600668902475,0.0035795600668902475,0.0017075942265710096
2026-07-01,0.012044996990750564,0.013544996990750563,0.006635019688341565
2026-07-02,0.005915031431459024,0.007415031431459024,-0.006153098910237352
2026-07-03,-0.00014746905986139308,0.001352530940138607,0.0002575249797805621
2026-07-06,-0.005624101412655591,-0.004124101412655592,-0.011747825502742512
2026-07-07,-0.0031438385336810246,-0.0016438385336810246,-0.003220999479410962
2026-07-08,0.00531799388965837,0.006817993889658369,-6.395114195503629e-05
2026-07-09,-0.0050290820445485305,-0.003529082044548531,0.008420867693480319
2026-07-10,0.013066723347685912,0.014566723347685911,-0.003978659800249794
2026-07-13,0.006081295138146543,0.007581295138146543,0.0028074667064821933
2026-07-14,-0.0023714106581722108,-0.0008714106581722107,-0.002969694314465291
2026-07-15,0.015523542508463032,0.01702354250846303,-0.003804479260193313
2026-07-16,0.00038469290109695775,0.0018846929010969578,0.0056563838202295085
2026-07-17,0.0,0.0,0.0
