family,signal,mean_true_drift_bps,n,baseline_abs_bps
gaps,gap_dn_huge_nonews,106.12131249654209,66,59.58792434020046
gaps,gap_up_huge_news_hotvol,99.56107345289084,960,59.58792434020046
gaps,gap_dn_huge_news_hotvol,97.84355299601806,798,59.58792434020046
gaps,gap_up_huge_news,95.8184508350301,1039,59.58792434020046
gaps,gap_dn_huge_news,92.94626860408322,863,59.58792434020046
gaps,gap_up_huge_nonews,77.85211692189054,89,59.58792434020046
novel,gap_echo_continuation,54.16907675563806,4770,59.58792434020046
gaps,gap_up_large_news_hotvol,52.31535383051064,2255,59.58792434020046
candles,bear_marubozu,50.622577651829396,28,59.58792434020046
gaps,gap_up_large_news,49.78502594304184,2518,59.58792434020046
gaps,gap_dn_large_news_hotvol,46.337366042449055,2350,59.58792434020046
gaps,gap_dn_large_nonews,46.17472015973641,4679,59.58792434020046
gaps,gap_dn_large_news,43.47171871914267,2651,59.58792434020046
gaps,gap_up_large_nonews,38.15365170968132,5168,59.58792434020046
volume,rvol_spike_up,36.77927504901621,1867,59.58792434020046
anchors,near_52wk_high,33.30611400936303,23581,59.58792434020046
breakouts,donchian55_up_hotvol,32.76468207167326,4421,59.58792434020046
breakouts,vcp_breakout,32.73167594118695,25,59.58792434020046
gaps,gap_up_mid_news_hotvol,31.137976597321426,969,59.58792434020046
gaps,gap_up_mid_news,30.312913966740915,1103,59.58792434020046
anchors,fresh_52wk_breakout,25.99640299084265,1934,59.58792434020046
volume,rvol_spike_dn,25.630614295408016,1986,59.58792434020046
gaps,gap_dn_mid_nonews,25.530104372466933,35339,59.58792434020046
breakouts,donchian20_up_hotvol,24.267451550196373,6787,59.58792434020046
trend,xs_momentum_winner,24.197992455180845,3060,59.58792434020046
gaps,gap_dn_mid_news_hotvol,23.399853801188875,990,59.58792434020046
gaps,gap_dn_mid_news,21.92201184135354,1114,59.58792434020046
novel,tpi_pullback_long,20.474883671109364,5841,59.58792434020046
volume,obv_confirmed_breakout,18.962355751373085,51999,59.58792434020046
lmw,bull_flag,18.307679784042733,1831,59.58792434020046
breakouts,donchian55_up,17.443263760131806,28190,59.58792434020046
fundamentals,quality_breakout,16.81508037649785,8867,59.58792434020046
gaps,gap_up_mid_nonews,16.594789595304498,36417,59.58792434020046
trend,keltner_breakout_up,16.20383321234574,18406,59.58792434020046
trend,xs_momentum_loser,15.20848330050634,3000,59.58792434020046
trend,tsmom_12_1_up,14.706972064753867,325759,59.58792434020046
gaps,gap_up_small_news_hotvol,14.136240569668953,680,59.58792434020046
lmw,triangle_top,13.729013323284592,194,59.58792434020046
gaps,gap_up_small_news,13.390898734344626,763,59.58792434020046
anchors,far_52wk_high,12.847453063286968,172836,59.58792434020046
lmw,cup_handle,12.797701873560785,3839,59.58792434020046
fundamentals,quality_long,12.769081114149161,3060,59.58792434020046
gaps,gap_dn_small_nonews,12.707502307009172,134933,59.58792434020046
novel,tpi_rally_short,12.499122593435656,5159,59.58792434020046
candles,three_white_soldiers,12.290950711596176,5483,59.58792434020046
trend,bollinger_breakout_up,11.84494036336643,21066,59.58792434020046
candles,piercing,11.524252209790157,1720,59.58792434020046
breakouts,donchian20_up,11.513481367649355,43200,59.58792434020046
novel,spi_dipbuy_long,10.710754581824272,333,59.58792434020046
novel,cer_expansion_long,10.276659616771212,813,59.58792434020046
trend,tsmom_12_1_dn,9.029861565088583,218476,59.58792434020046
levels,ma20_bounce,8.766991117559398,39642,59.58792434020046
lmw,rectangle_top,8.476519818603245,35,59.58792434020046
levels,break_resistance,8.201153642171082,23092,59.58792434020046
trend,ma_cross_50_200_up,7.867250611649682,1779,59.58792434020046
levels,ma50_bounce,7.591537044114839,23455,59.58792434020046
breakouts,donchian55_dn,6.575673515419834,23696,59.58792434020046
levels,round_number_above,6.009930656669299,55631,59.58792434020046
candles,bull_engulf,5.818964925279941,16376,59.58792434020046
candles,dark_cloud,5.7468867489383175,1850,59.58792434020046
lmw,bear_flag,5.62052143252859,526,59.58792434020046
trend,ma_cross_20_50_up,5.523761131285709,7147,59.58792434020046
breakouts,orb_30min_up,5.522466523744451,65082,59.58792434020046
volume,high_volume_premium,5.127315715167917,1067,59.58792434020046
trend,ma_cross_5_20_up,5.04191392494192,20349,59.58792434020046
novel,spi_rejection_short,4.8313361636559025,629,59.58792434020046
gaps,gap_up_small_nonews,3.842089028399281,134920,59.58792434020046
lmw,triangle_bottom,3.5679798144579054,233,59.58792434020046
ml,cnn_long,3.1584575890938638,9450,59.58792434020046
trend,ma_cross_50_200_dn,3.0789766603909867,1993,59.58792434020046
lmw,rectangle_bottom,3.038124529811474,40,59.58792434020046
levels,ma200_bounce,2.8131660571807116,10352,59.58792434020046
ml,cnn_short,2.800279676982623,9450,59.58792434020046
candles,three_black_crows,2.11489292048515,3519,59.58792434020046
levels,bounce_support,2.076566924669512,97250,59.58792434020046
fundamentals,quality_short,1.8155534990434652,3000,59.58792434020046
breakouts,donchian20_dn,1.6668529751787757,39490,59.58792434020046
novel,cer_expansion_short,1.386341200998463,689,59.58792434020046
levels,break_support,0.13211464665821127,20705,59.58792434020046
trend,ma_cross_20_50_dn,0.034060593078024747,7117,59.58792434020046
lmw,double_bottom,-0.2869940443885951,956,59.58792434020046
candles,bear_engulf,-0.8662498137072671,16720,59.58792434020046
candles,hammer,-1.1051954862312483,2558,59.58792434020046
trend,ma_cross_5_20_dn,-1.182163043546467,20452,59.58792434020046
levels,avwap_reclaim,-1.49441609287423,34227,59.58792434020046
candles,morning_star,-1.5812131279462345,8437,59.58792434020046
lmw,head_shoulders,-1.583425660939218,305,59.58792434020046
novel,amo_reclaim_long,-2.195798414323689,12142,59.58792434020046
breakouts,orb_30min_dn,-2.3007765502561917,63822,59.58792434020046
levels,ma200_loss,-2.599872724072554,10775,59.58792434020046
gaps,gap_dn_small_news,-3.0000624231360526,771,59.58792434020046
novel,liquidity_vacuum_fade,-3.710912717055397,28130,59.58792434020046
gaps,gap_dn_small_news_hotvol,-3.830331616927684,675,59.58792434020046
levels,ma50_loss,-3.9625369218213193,24371,59.58792434020046
trend,bollinger_revert_long,-4.035428524973156,23407,59.58792434020046
lmw,double_top,-4.954806451980129,982,59.58792434020046
levels,bounce_resistance,-5.04754668268589,94697,59.58792434020046
lmw,inv_head_shoulders,-5.249186134259383,355,59.58792434020046
lmw,broadening_bottom,-5.428237271740728,302,59.58792434020046
levels,ma20_loss,-5.8271812644057475,39597,59.58792434020046
levels,round_number_below,-6.062072672967026,55338,59.58792434020046
candles,bull_harami,-6.065533212877526,20147,59.58792434020046
volume,accumulation_divergence,-6.232168624320979,16659,59.58792434020046
levels,avwap_loss,-6.59839540026128,34403,59.58792434020046
candles,evening_star,-8.397216545069844,8477,59.58792434020046
candles,shooting_star,-9.121293105621284,2926,59.58792434020046
volume,distribution_divergence,-10.448047486280904,20741,59.58792434020046
lmw,broadening_top,-12.002447992755659,322,59.58792434020046
candles,bear_harami,-14.114423527167947,20631,59.58792434020046
novel,amo_stretch_short,-22.56501281141601,168323,59.58792434020046
candles,bull_marubozu,-55.899512739864164,18,59.58792434020046
