size,news,rvol,n,p_intraday_cont,p_filled_same_day,nextday_drift_bps,d5_drift_bps
small,True,all,1534,0.5026075619295959,0.3970013037809648,-11.778481415946462,-12.54954765903289
small,True,highV,1496,0.5046791443850267,0.3977272727272727,-12.164047367949461,-13.277574168970128
small,False,all,269637,0.4963525035510705,0.35248129893152647,-10.541385944657168,-10.501286603904896
small,False,lowV,89828,0.47360511199180655,0.3623480429264817,-9.445095598162636,-10.755394545759012
small,False,midV,90584,0.4978031440430981,0.350459242250287,-10.055463775185352,-10.375275730690335
small,False,highV,85303,0.5191024934644737,0.3441614011230555,-12.032261234683544,-11.1967128897039
mid,True,all,2214,0.5058717253839206,0.1838301716350497,1.4529432961065365,24.887572867773045
mid,True,highV,2162,0.5060129509713228,0.18408880666049954,1.476411692849522,25.576929717577958
mid,False,all,71708,0.49953980030122164,0.22530261616556033,-23.14018387597083,-25.635780515959574
mid,False,lowV,23268,0.4558191507649991,0.24067388688327315,-22.54321762002363,-23.963834444854452
mid,False,midV,23857,0.49612273127384,0.22525883388523285,-23.636493445355278,-25.2159274190265
mid,False,highV,23545,0.5461456784880017,0.21078785304735612,-23.447909902724238,-27.646918316050552
large,True,all,5163,0.5022273871779973,0.05210149138098005,-0.0036956078456109958,25.80586895201438
large,True,midV,50,0.52,0.04,1.1173615952700278,87.76554079341383
large,True,highV,5034,0.5025824394119984,0.052046086611044894,0.6569320680626322,25.55586662788071
large,False,all,9843,0.4980188966778421,0.10443970334247689,-46.97496406193339,-38.395291655882545
large,False,lowV,3016,0.4376657824933687,0.13262599469496023,-45.2683874518329,-35.403411797911325
large,False,midV,3289,0.4910307084220128,0.10215871085436302,-47.3416735370859,-46.29954035056495
large,False,highV,3403,0.5592124595944754,0.08198648251542756,-47.12057828434456,-30.947392431040726
huge,True,all,1899,0.4939441811479726,0.005792522380200105,10.610129007648592,59.02065560915805
huge,True,highV,1850,0.4935135135135135,0.005405405405405406,10.586595326913486,58.74353213370635
huge,False,all,155,0.47096774193548385,0.04516129032258064,-63.63292278647139,-176.88668058724667
huge,False,lowV,31,0.3225806451612903,0.0967741935483871,-101.3368683983919,-75.06598178945761
huge,False,midV,47,0.48936170212765956,0.02127659574468085,-117.84988881200437,-315.77465741496513
huge,False,highV,74,0.5135135135135135,0.04054054054054054,-19.1426726248037,-123.71000160127332
