cohort,n,fwd5_bps,fwd10_bps,p_bounce5,p90_5d_pct,p10_5d_pct,p_second_knife
ALL knives,8346,-7.7853515891288,-3.5208166441328506,0.4858614905343877,7.658651236207559,-7.752731911112654,0.3176371914689672
news-driven crash,1134,-24.03314016581633,-54.75379366508497,0.47795414462081126,7.4739884978910975,-7.668938342699199,0.2980599647266314
no-news crash,7212,-5.230582836222028,4.534950957331339,0.4871048252911814,7.678868311656503,-7.786504285039869,0.3207154742096506
fast (-15%/5d),3199,-22.209372562325385,-17.552320969244676,0.4742106908408878,8.03999914228615,-8.525699440290799,0.4201312910284464
grind (8/10 down),5189,-3.488161369388957,0.52321700172266,0.48853343611485833,7.246871147608207,-7.258741880985942,0.2626710348814801
climax volume >=3x,479,-47.473157977019085,-90.89884368143464,0.46764091858037576,6.811187750893559,-7.393033102813402,0.302713987473904
reversal bar,87,19.92635599754808,-12.332937958305578,0.5057471264367817,6.925259063406614,-6.9128721237037905,0.2988505747126437
gap-down exhaustion,22,160.42162762628996,371.52533158080155,0.45454545454545453,12.76207273279151,-4.773160103946475,0.2727272727272727
FORK RULE: no-news + (reversal|climax),54,49.69449483148176,135.5532904696829,0.5555555555555556,9.740934319631801,-9.028591620228191,0.3888888888888889
news + climax (the trap),440,-52.474168527353115,-105.74905591870098,0.4636363636363636,6.701470934960827,-7.39253636955717,0.29318181818181815
high quality,2485,1.6589406509632163,27.08906596821437,0.48088531187122735,7.812490649722624,-7.610460473844591,0.3118712273641851
low quality,2505,2.8825451703490117,-8.835134617652953,0.500998003992016,7.68857431931843,-7.613519890457873,0.31776447105788425
parabolic finish,4527,-18.282633421390127,-8.378780308106665,0.4839849790148001,7.595707796924437,-7.981257837573541,0.3375303733156616
accelerating path (convex down),6215,-11.13543293576149,-10.197189102590846,0.48511665325824616,7.572759035053586,-7.795687154871667,0.33483507642799676
