,winners_median,universe_median,winner_median_pctile,winners,universe,lift
rvol,0.8361831341402772,0.8519265349061933,0.49333333333333335,,,
gap_abs,0.007080829816366596,0.006037280239650555,0.5666666666666667,,,
vol20,0.0365180836043412,0.03360016643649382,0.64,,,
mom5,-0.009782199194862395,-0.010300588183544956,0.5,,,
mom21,-0.041183461218898654,-0.0309905565579901,0.4866666666666667,,,
mom252,-0.2749264235241784,-0.2598277830016963,0.4966666666666667,,,
prox52,0.5126488606961976,0.5376800683835845,0.43333333333333335,,,
news_today,,,,0.021164021164021163,0.019206349206349206,1.1019283746556474
news_3d,,,,0.05555555555555555,0.05626984126984127,0.9873060648801129
compression,1.5570836109373642,1.5267175687522854,0.5666666666666667,,,
quality,-0.022783731600928732,-0.03101594939558591,0.52,,,
ret_today,-0.0008922872116091107,-0.0015870916823046421,0.4866666666666667,,,
