date,picked,prob,hits_in_actual_top3,net_return_pct
2025-07-31,"S401,S485,S089","0.051,0.040,0.039",0,-0.080441717343473
2025-08-01,"S043,S129,S089","0.049,0.044,0.040",0,0.45587932990513463
2025-08-04,"S337,S089,S402","0.048,0.041,0.041",1,0.6830804767493408
2025-08-05,"S337,S207,S273","0.042,0.039,0.038",0,-0.553101988100448
2025-08-06,"S402,S337,S129","0.054,0.044,0.043",0,-0.9998097965501604
2025-08-07,"S337,S129,S174","0.044,0.037,0.036",0,-1.4534335585341691
2025-08-08,"S337,S207,S174","0.041,0.038,0.036",1,1.6391044601374287
2025-08-11,"S337,S021,S402","0.053,0.043,0.039",1,3.431191215161753
2025-08-12,"S337,S138,S134","0.043,0.041,0.040",0,-0.6793552641068676
2025-08-13,"S036,S270,S320","0.048,0.045,0.045",1,3.013426401785626
2025-08-14,"S337,S107,S445","0.043,0.039,0.039",0,1.8221672383268939
2025-08-15,"S134,S337,S402","0.052,0.044,0.041",0,-0.9598853328021885
2025-08-18,"S134,S421,S337","0.052,0.052,0.046",0,-3.1911923730377967
2025-08-19,"S134,S300,S421","0.056,0.046,0.044",1,5.194382190808105
2025-08-20,"S337,S076,S129","0.051,0.047,0.045",0,-3.345280443965665
2025-08-21,"S300,S421,S134","0.045,0.040,0.039",1,3.481493155242441
2025-08-22,"S337,S300,S445","0.047,0.047,0.044",0,-1.5758405475151633
2025-08-25,"S337,S256,S134","0.052,0.043,0.041",0,-2.045750892492047
2025-08-26,"S337,S134,S214","0.056,0.040,0.040",0,4.968644831176093
2025-08-27,"S134,S256,S075","0.041,0.041,0.040",0,1.6673504866038968
2025-08-28,"S402,S134,S007","0.046,0.043,0.042",0,1.1722852066731313
2025-08-29,"S134,S444,S461","0.050,0.040,0.038",1,0.8416006556551191
2025-09-01,"S134,S129,S256","0.048,0.042,0.040",0,-0.6047608580724043
2025-09-02,"S415,S352,S376","0.069,0.047,0.045",0,0.4022127522605317
2025-09-03,"S066,S421,S300","0.048,0.042,0.039",0,1.1110302116468778
2025-09-04,"S403,S075,S345","0.053,0.044,0.042",0,0.8454460664006035
2025-09-05,"S444,S337,S134","0.043,0.041,0.039",0,-2.277801185143807
2025-09-08,"S126,S129,S107","0.051,0.044,0.042",0,-4.0068485410302
2025-09-09,"S107,S014,S421","0.044,0.042,0.040",0,0.005337035154234912
2025-09-10,"S296,S337,S126","0.044,0.039,0.039",0,-0.6324945943444402
2025-09-11,"S296,S352,S444","0.040,0.040,0.040",0,1.3405186606206803
2025-09-12,"S443,S273,S296","0.045,0.043,0.041",1,6.813555785694504
2025-09-15,"S018,S273,S443","0.055,0.045,0.043",0,0.1837818430446967
2025-09-16,"S273,S007,S337","0.046,0.044,0.043",1,1.745614750375163
2025-09-17,"S443,S273,S444","0.049,0.042,0.042",0,1.9228552892118684
2025-09-18,"S264,S296,S300","0.041,0.040,0.040",0,2.2968771370357115
2025-09-19,"S421,S255,S300","0.050,0.044,0.041",0,-2.5605902560039344
2025-09-22,"S380,S018,S444","0.042,0.041,0.041",0,1.059149642182931
2025-09-23,"S328,S126,S380","0.056,0.048,0.040",0,0.3115919446611845
2025-09-24,"S443,S427,S296","0.054,0.052,0.039",0,-3.9873536396554945
2025-09-25,"S147,S443,S296","0.065,0.056,0.053",0,0.7713865513178896
2025-09-26,"S300,S264,S443","0.071,0.048,0.048",0,-0.21069093441234407
2025-09-29,"S443,S296,S264","0.047,0.045,0.042",0,-3.092977597096863
2025-09-30,"S147,S296,S443","0.046,0.046,0.043",0,-0.18722065357867715
2025-10-01,"S440,S273,S107","0.047,0.042,0.041",0,-1.2095610055906183
2025-10-02,"S273,S440,S443","0.047,0.046,0.039",0,-0.8706767298920002
2025-10-03,"S300,S461,S320","0.038,0.038,0.037",0,-4.3732081476228
2025-10-06,"S443,S382,S320","0.040,0.038,0.037",0,2.3750537539564482
2025-10-07,"S443,S445,S382","0.044,0.040,0.038",0,-0.7347202854487254
2025-10-08,"S147,S273,S296","0.069,0.062,0.044",1,2.2228917630204013
2025-10-09,"S382,S014,S443","0.044,0.041,0.039",0,1.2664801445171183
2025-10-10,"S174,S421,S483","0.048,0.043,0.038",0,-0.873837218894574
2025-10-13,"S382,S440,S402","0.047,0.038,0.037",0,-0.18253597145629338
2025-10-14,"S382,S402,S126","0.043,0.041,0.038",0,-1.8752801618212374
2025-10-15,"S021,S382,S352","0.058,0.041,0.038",0,2.4787612400161714
2025-10-16,"S021,S131,S147","0.064,0.039,0.038",0,-2.090395322530834
2025-10-17,"S021,S131,S270","0.055,0.045,0.040",0,0.0939151432295191
2025-10-20,"S402,S021,S126","0.047,0.044,0.040",0,-3.4506997662689076
2025-10-21,"S021,S402,S240","0.043,0.040,0.039",0,0.8835670631103003
2025-10-22,"S021,S402,S421","0.058,0.045,0.042",0,0.6869625959608254
2025-10-23,"S021,S351,S425","0.058,0.043,0.039",0,-2.7595356789325547
2025-10-24,"S021,S416,S421","0.075,0.056,0.041",1,0.32530392174040357
2025-10-27,"S021,S416,S380","0.055,0.042,0.038",0,0.48798749178003803
2025-10-28,"S021,S320,S214","0.055,0.042,0.040",1,-1.1256008745508823
2025-10-29,"S021,S214,S199","0.051,0.044,0.042",0,1.4516327148005754
2025-10-30,"S021,S425,S138","0.064,0.039,0.038",1,2.02879147958084
2025-10-31,"S021,S214,S273","0.078,0.039,0.039",0,1.9503216355456987
2025-11-03,"S021,S256,S240","0.064,0.045,0.041",0,4.690108614750919
2025-11-04,"S416,S014,S107","0.044,0.039,0.039",0,-1.950826223044912
2025-11-05,"S416,S126,S107","0.046,0.042,0.038",0,-0.7636104147663043
2025-11-06,"S021,S421,S107","0.044,0.040,0.039",0,0.04544297505865726
2025-11-07,"S021,S416,S425","0.044,0.043,0.039",0,-1.807356415340165
2025-11-10,"S444,S416,S021","0.046,0.044,0.043",0,1.307736176320142
2025-11-11,"S444,S396,S174","0.047,0.041,0.041",0,-2.276497519344702
2025-11-12,"S444,S174,S256","0.057,0.048,0.044",0,2.89400204082745
2025-11-13,"S444,S416,S328","0.067,0.045,0.045",0,-0.5327085288759079
2025-11-14,"S444,S416,S320","0.069,0.047,0.043",0,0.9119996648414843
2025-11-17,"S425,S444,S174","0.056,0.052,0.043",0,-0.34722171445747024
2025-11-18,"S444,S107,S174","0.058,0.056,0.043",0,2.179480411547872
2025-11-19,"S376,S174,S021","0.039,0.039,0.038",0,-0.22983637233723492
2025-11-20,"S174,S007,S363","0.042,0.040,0.040",0,3.0947413107727915
2025-11-21,"S256,S376,S174","0.048,0.038,0.038",1,1.25551880198464
2025-11-24,"S174,S107,S412","0.047,0.044,0.040",0,1.6765511160713138
2025-11-25,"S107,S256,S328","0.043,0.041,0.040",0,1.393462431361157
2025-11-26,"S238,S328,S337","0.043,0.038,0.037",0,1.715369625091547
2025-11-27,"S256,S421,S477","0.042,0.042,0.041",0,0.7307696061189621
2025-11-28,"S256,S376,S412","0.050,0.040,0.038",0,-4.271210928143763
2025-12-01,"S107,S021,S024","0.063,0.051,0.048",0,-2.243536570300832
2025-12-02,"S107,S132,S273","0.061,0.054,0.051",0,-2.1972408394305902
2025-12-03,"S273,S328,S382","0.057,0.055,0.050",0,0.5586949340833943
2025-12-04,"S320,S425,S477","0.056,0.054,0.052",0,-4.328800262147401
2025-12-05,"S007,S415,S320","0.052,0.046,0.045",0,-2.998249198762491
2025-12-08,"S382,S421,S021","0.055,0.054,0.048",0,-1.4890695719800264
2025-12-09,"S425,S444,S147","0.065,0.053,0.048",0,-5.067615578898405
2025-12-10,"S107,S238,S421","0.090,0.065,0.052",0,-7.984347831701901
2025-12-11,"S461,S402,S412","0.099,0.087,0.076",0,8.48434809907692
2025-12-12,"S273,S132,S402","0.069,0.061,0.060",1,2.9865997093414585
2025-12-15,"S273,S412,S256","0.058,0.056,0.055",0,-9.182679498462697
2025-12-16,"S126,S461,S300","0.096,0.087,0.074",0,-2.3168748055786708
2025-12-17,"S445,S214,S174","0.065,0.063,0.061",0,-6.041855564117869
2025-12-18,"S458,S300,S273","0.085,0.078,0.075",0,-2.2028291947573293
2025-12-19,"S477,S107,S402","0.094,0.072,0.069",0,-4.806844586903638
2025-12-22,"S458,S402,S240","0.077,0.075,0.073",0,-7.764283432382056
2025-12-23,"S402,S425,S412","0.082,0.065,0.062",0,-3.8482171802308116
2025-12-24,"S425,S402,S445","0.075,0.071,0.060",0,-3.6536540125598647
2025-12-25,"S102,S402,S425","0.121,0.089,0.079",0,-0.7290315077949248
2025-12-26,"S402,S445,S256","0.089,0.072,0.069",0,-0.8508463313981899
2025-12-29,"S402,S127,S445","0.089,0.074,0.063",0,-5.85308646539005
2025-12-30,"S458,S445,S402","0.081,0.074,0.069",0,1.8787463180860646
2025-12-31,"S402,S445,S240","0.096,0.080,0.080",1,-0.5307171313172874
2026-01-01,"S380,S240,S103","0.096,0.060,0.055",0,-3.2664153362564763
2026-01-02,"S380,S402,S004","0.059,0.055,0.046",0,-2.118511506978132
2026-01-05,"S402,S240,S012","0.095,0.068,0.057",0,2.7864639876239568
2026-01-06,"S456,S402,S256","0.138,0.107,0.075",0,-3.1714446090585837
2026-01-07,"S442,S456,S401","0.069,0.067,0.066",0,-0.7877099803520711
2026-01-08,"S402,S256,S097","0.119,0.074,0.058",0,-0.19049474105743966
2026-01-09,"S238,S382,S477","0.071,0.060,0.052",0,1.7656565456260394
2026-01-12,"S042,S197,S129","0.077,0.052,0.046",0,-1.7763242146091984
2026-01-13,"S402,S015,S011","0.118,0.060,0.059",0,-0.5068191438796164
2026-01-14,"S402,S477,S425","0.056,0.049,0.048",0,4.290394977955808
2026-01-15,"S103,S134,S296","0.046,0.045,0.043",1,3.0436469091142895
2026-01-16,"S402,S127,S107","0.084,0.048,0.047",0,-0.05720582524781716
2026-01-19,"S402,S444,S380","0.054,0.052,0.047",0,-3.330863320382258
2026-01-20,"S457,S380,S402","0.085,0.046,0.045",0,0.24238758729523244
2026-01-21,"S297,S147,S380","0.067,0.054,0.048",0,-3.0869028300223142
2026-01-22,"S132,S483,S351","0.090,0.048,0.047",0,-2.525054163703901
2026-01-23,"S147,S351,S132","0.083,0.059,0.055",0,-2.7666601943040883
2026-01-26,"S147,S132,S015","0.067,0.064,0.060",0,0.3012022915015623
2026-01-27,"S147,S132,S296","0.072,0.064,0.054",0,-9.125811096019389
2026-01-28,"S132,S147,S345","0.075,0.075,0.056",0,-0.92231197578147
2026-01-29,"S147,S382,S402","0.061,0.055,0.055",0,0.48213370492400565
2026-01-30,"S066,S382,S132","0.081,0.066,0.063",0,-5.219572323083275
2026-02-02,"S382,S328,S351","0.121,0.071,0.051",0,5.382262443422834
2026-02-03,"S066,S182,S320","0.080,0.076,0.072",0,-8.898594711422401
2026-02-04,"S107,S328,S345","0.064,0.060,0.058",0,-7.124231485211609
2026-02-05,"S402,S483,S256","0.097,0.066,0.054",1,-0.09872452249712325
2026-02-06,"S107,S042,S402","0.090,0.071,0.058",0,-2.1350343861343917
2026-02-09,"S345,S034,S351","0.053,0.052,0.048",0,-2.614873571044098
2026-02-10,"S107,S380,S007","0.054,0.047,0.043",0,4.2433734703199315
2026-02-11,"S182,S042,S296","0.089,0.078,0.077",0,-15.752978106574917
2026-02-12,"S107,S147,S256","0.067,0.053,0.053",0,-5.275285925100979
2026-02-13,"S132,S296,S107","0.082,0.070,0.069",0,-4.473104238105587
2026-02-16,"S345,S483,S126","0.066,0.058,0.055",2,5.374773058545204
2026-02-17,"S107,S066,S182","0.090,0.083,0.071",0,0.3364428230629343
2026-02-18,"S107,S014,S351","0.083,0.065,0.058",0,4.858409671916788
2026-02-19,"S296,S132,S107","0.085,0.077,0.072",0,-3.1078098904776845
2026-02-20,"S007,S337,S132","0.064,0.056,0.056",0,1.7214239665387283
2026-02-23,"S107,S132,S345","0.108,0.101,0.072",0,1.5679037223912746
2026-02-24,"S182,S014,S345","0.083,0.075,0.070",0,1.8395571443723224
2026-02-25,"S042,S382,S132","0.118,0.099,0.081",0,2.262625094648483
2026-02-26,"S132,S066,S014","0.069,0.066,0.065",0,-1.4725222510331388
2026-02-27,"S132,S107,S445","0.073,0.071,0.061",0,-0.37985612931273327
2026-03-02,"S132,S483,S147","0.129,0.071,0.066",0,-1.5634153971658773
2026-03-03,"S299,S240,S182","0.078,0.058,0.052",0,-0.9977313547204898
2026-03-04,"S199,S299,S402","0.072,0.065,0.063",0,0.2766695741186803
2026-03-05,"S147,S299,S132","0.069,0.056,0.054",0,-4.8197974679161035
2026-03-06,"S483,S132,S299","0.071,0.064,0.056",0,-3.3362238712602634
2026-03-09,"S042,S483,S299","0.075,0.066,0.054",0,0.4743105496630356
2026-03-10,"S147,S042,S299","0.085,0.068,0.064",1,4.981256866556636
2026-03-11,"S299,S296,S132","0.078,0.073,0.062",1,4.42048751843074
2026-03-12,"S147,S296,S299","0.072,0.063,0.056",0,-1.1087977807713143
2026-03-13,"S402,S147,S296","0.101,0.069,0.062",0,-0.6685169355087653
2026-03-16,"S042,S402,S147","0.122,0.105,0.057",0,-1.5994584882934388
2026-03-17,"S402,S458,S296","0.089,0.054,0.052",1,-1.6383780176249398
2026-03-18,"S402,S299,S138","0.095,0.071,0.057",0,-0.5874821992461641
2026-03-19,"S402,S147,S132","0.067,0.054,0.053",0,-0.11676924408338661
2026-03-20,"S296,S147,S402","0.075,0.060,0.059",0,-5.750853623574594
2026-03-23,"S299,S147,S296","0.140,0.062,0.054",0,-2.3322528336733965
2026-03-24,"S402,S296,S147","0.120,0.118,0.065",0,-1.3277863605044107
2026-03-25,"S402,S021,S299","0.072,0.055,0.049",0,-0.2133393708317461
2026-03-26,"S296,S147,S402","0.110,0.058,0.055",0,0.876221251545434
2026-03-27,"S021,S147,S296","0.083,0.067,0.061",0,-1.3867099228687654
2026-03-30,"S297,S402,S296","0.083,0.064,0.061",0,0.3406467261951208
2026-03-31,"S297,S147,S296","0.118,0.099,0.063",0,-1.6068802925348271
2026-04-01,"S042,S107,S256","0.066,0.060,0.039",0,-1.9799855840002007
2026-04-02,"S402,S296,S256","0.069,0.045,0.044",0,-0.3387282628297996
2026-04-03,"S107,S363,S042","0.051,0.050,0.050",1,8.496740949507554
2026-04-06,"S412,S483,S296","0.073,0.058,0.050",0,-6.570515377433085
2026-04-07,"S042,S380,S402","0.092,0.073,0.071",0,-2.665004444295836
2026-04-08,"S402,S380,S296","0.077,0.067,0.055",1,-1.2990296175840963
2026-04-09,"S380,S483,S107","0.061,0.057,0.055",0,2.411403021482807
2026-04-10,"S402,S380,S483","0.088,0.062,0.057",1,0.3635113506683091
2026-04-13,"S412,S380,S042","0.096,0.072,0.058",1,1.568057151921104
2026-04-14,"S380,S483,S021","0.100,0.054,0.049",0,-1.7375631377276286
2026-04-15,"S380,S412,S042","0.073,0.060,0.056",0,-0.8530504698639677
2026-04-16,"S380,S402,S042","0.080,0.064,0.061",0,-3.8422245367529975
2026-04-17,"S042,S380,S402","0.105,0.063,0.057",1,7.388869491751487
2026-04-20,"S380,S412,S042","0.074,0.060,0.056",0,-3.3088764537213455
2026-04-21,"S042,S412,S380","0.097,0.066,0.061",0,1.0557772845029736
2026-04-22,"S042,S402,S107","0.073,0.066,0.061",1,1.5156081894239284
2026-04-23,"S402,S042,S021","0.093,0.076,0.066",0,3.493759094064377
2026-04-24,"S402,S380,S042","0.094,0.066,0.056",0,-5.690676643573587
2026-04-27,"S402,S042,S483","0.068,0.057,0.056",0,0.07566178797704581
2026-04-28,"S042,S402,S412","0.084,0.058,0.054",1,7.4788376288376295
2026-04-29,"S402,S007,S396","0.064,0.049,0.045",0,-1.409831670918358
2026-04-30,"S042,S402,S483","0.078,0.063,0.050",0,-5.699322605282592
2026-05-01,"S402,S297,S255","0.070,0.068,0.065",0,0.975158448709144
2026-05-04,"S402,S297,S042","0.077,0.057,0.050",0,-3.1276478802679897
2026-05-05,"S042,S402,S273","0.089,0.078,0.066",0,-1.213951882917402
2026-05-06,"S402,S042,S007","0.110,0.054,0.053",0,3.8872513131580266
2026-05-07,"S402,S007,S297","0.060,0.057,0.056",0,-8.456487245065768
2026-05-08,"S402,S007,S240","0.116,0.080,0.077",0,-0.13257380892534573
2026-05-11,"S402,S042,S007","0.094,0.064,0.059",0,0.723078277246834
2026-05-12,"S297,S042,S007","0.079,0.067,0.065",0,-5.013161374066594
2026-05-13,"S042,S102,S483","0.089,0.076,0.070",1,3.1606474158498656
2026-05-14,"S214,S297,S007","0.098,0.068,0.047",0,5.814463039287823
2026-05-15,"S007,S451,S412","0.084,0.080,0.065",0,-6.816955521510846
2026-05-18,"S445,S297,S412","0.096,0.072,0.066",0,-0.9009890470893085
2026-05-19,"S458,S258,S042","0.064,0.059,0.058",0,9.190119354272259
2026-05-20,"S412,S162,S024","0.078,0.074,0.073",0,1.6856701449283658
2026-05-21,"S162,S412,S297","0.109,0.068,0.066",0,3.046973703888317
2026-05-22,"S412,S240,S421","0.074,0.066,0.066",0,0.4581165876901329
2026-05-25,"S258,S162,S034","0.078,0.072,0.070",0,-7.979225842375383
2026-05-26,"S412,S129,S214","0.096,0.092,0.092",0,-0.9108855305197281
2026-05-27,"S483,S412,S240","0.080,0.075,0.063",0,-9.655519460627017
2026-05-28,"S258,S412,S402","0.127,0.114,0.088",0,-2.2138280789218663
2026-05-29,"S483,S402,S174","0.088,0.074,0.071",1,4.419429313883799
2026-06-01,"S412,S451,S477","0.080,0.075,0.071",0,-8.05641585824105
2026-06-02,"S256,S451,S162","0.069,0.067,0.066",0,1.1725880060662683
2026-06-03,"S129,S451,S412","0.087,0.085,0.069",0,-0.5692137938075529
2026-06-04,"S412,S129,S162","0.102,0.079,0.060",0,-4.16817749891585
2026-06-05,"S451,S129,S256","0.081,0.072,0.069",1,3.3377768179858514
2026-06-08,"S451,S129,S477","0.063,0.058,0.058",1,12.871585297706591
2026-06-09,"S256,S451,S421","0.086,0.081,0.077",0,7.67472837816918
2026-06-10,"S451,S162,S485","0.091,0.084,0.079",0,5.549273023249566
2026-06-11,"S380,S412,S421","0.092,0.088,0.087",0,6.624871475212933
2026-06-12,"S485,S256,S477","0.108,0.090,0.085",0,-2.806014967072455
2026-06-15,"S240,S256,S129","0.106,0.078,0.072",0,-2.758999042981127
2026-06-16,"S477,S256,S127","0.094,0.081,0.071",0,0.35049759407998493
2026-06-17,"S477,S127,S255","0.084,0.068,0.067",0,-9.956153909163717
2026-06-18,"S485,S421,S129","0.067,0.065,0.062",1,11.698926747045311
2026-06-19,"S380,S412,S042","0.093,0.092,0.081",0,5.4907162358365955
2026-06-22,"S485,S421,S380","0.114,0.102,0.096",0,-1.505166754543776
2026-06-23,"S421,S129,S412","0.085,0.072,0.066",1,2.408989039631802
2026-06-24,"S240,S181,S129","0.123,0.094,0.091",0,-2.039614576584379
2026-06-25,"S421,S129,S011","0.091,0.071,0.068",0,-1.4057812763575335
2026-06-26,"S421,S485,S162","0.097,0.080,0.077",0,-1.6135778066766118
2026-06-29,"S238,S485,S129","0.085,0.079,0.072",0,-7.647484272489101
2026-06-30,"S380,S240,S238","0.099,0.090,0.076",0,-6.03695265079527
2026-07-01,"S402,S129,S380","0.119,0.073,0.057",0,-1.9908934495861563
2026-07-02,"S129,S162,S416","0.081,0.058,0.056",0,-6.461494930180121
2026-07-03,"S129,S485,S380","0.075,0.068,0.063",1,1.195639820529454
2026-07-06,"S129,S256,S485","0.100,0.072,0.065",0,3.3814335031505194
2026-07-07,"S129,S256,S007","0.092,0.060,0.059",0,5.544918318816211
2026-07-08,"S129,S042,S421","0.089,0.057,0.050",0,0.6639615809665677
2026-07-09,"S256,S129,S007","0.098,0.075,0.063",0,-7.302801995575916
2026-07-10,"S256,S129,S255","0.147,0.087,0.077",0,10.275984934638162
2026-07-13,"S402,S129,S255","0.140,0.077,0.070",0,-2.186629119421511
2026-07-14,"S129,S214,S483","0.090,0.069,0.069",0,1.1743362687433905
2026-07-15,"S129,S256,S412","0.079,0.069,0.060",0,1.7600154405180757
2026-07-16,"S129,S255,S421","0.071,0.069,0.058",0,-8.12797037057321
2026-07-17,"S129,S256,S402","0.124,0.072,0.063",0,-10.45140325113708
