order,n,file,title,publish_utc,target_local,audience,tags,verify
1,1,01_eng_pl_scorers.mp4,Can you name England's top 5? ⚽,2026-09-07 18:07,19:00 (UTC+1),ENGLAND,#football #soccer #quiz #footballquiz,high — Kane's total moves
2,2,02_bra_wc_scorers.mp4,Can you name Brazil's top 5? ⚽,2026-09-07 23:30,20:00 (UTC-3),BRAZIL,#football #soccer #quiz #footballquiz,HIGH — 2026 World Cup
3,4,04_ger_caps.mp4,Can you name Germany's top 5? ⚽,2026-09-08 17:30,19:00 (UTC+2),GERMANY,#football #soccer #quiz #footballquiz,medium — Müller's total
4,3,03_arg_caps.mp4,Can you name Argentina's top 5? ⚽,2026-09-08 23:07,20:00 (UTC-3),ARGENTINA,#football #soccer #quiz #footballquiz,HIGH — Messi/Di María active
5,5,05_fra_scorers.mp4,Can you name France's top 5? ⚽,2026-09-09 17:07,19:00 (UTC+2),FRANCE,#football #soccer #quiz #footballquiz,HIGH — Mbappé active
6,6,06_por_scorers.mp4,Can you name Portugal's top 5? ⚽,2026-09-09 19:30,20:00 (UTC+1),PORTUGAL,#football #soccer #quiz #footballquiz,HIGH — Ronaldo active
7,8,08_ned_scorers.mp4,Can you name Netherlands's top 5? ⚽,2026-09-10 17:30,19:00 (UTC+2),NETHERLANDS,#football #soccer #quiz #footballquiz,HIGH — Depay active
8,7,07_ita_caps.mp4,Can you name Italy's top 5? ⚽,2026-09-10 18:07,20:00 (UTC+2),ITALY,#football #soccer #quiz #footballquiz,low — all retired
9,10,10_tur_legends.mp4,Can you name Turkey's top 5? ⚽,2026-09-11 17:30,20:00 (UTC+3),TURKEY,#football #soccer #quiz #footballquiz,medium
10,9,09_esp_caps.mp4,Can you name Spain's top 5? ⚽,2026-09-11 19:07,21:00 (UTC+2),SPAIN,#football #soccer #quiz #footballquiz,low — all retired
11,12,12_lfc_scorers.mp4,Can you name Liverpool's top 5? ⚽,2026-09-12 18:30,19:00 (UTC+1),LIVERPOOL,#football #soccer #quiz #footballquiz,HIGH — Salah active
12,11,11_rm_scorers.mp4,Can you name Real Madrid's top 5? ⚽,2026-09-12 19:07,21:00 (UTC+2),REAL MADRID,#football #soccer #quiz #footballquiz,low — all departed
13,13,13_mufc_scorers.mp4,Can you name Man United's top 5? ⚽,2026-09-13 18:07,19:00 (UTC+1),MAN UNITED,#football #soccer #quiz #footballquiz,low — all retired
14,14,14_fcb_scorers.mp4,Can you name Barcelona's top 5? ⚽,2026-09-13 19:30,21:00 (UTC+2),BARCELONA,#football #soccer #quiz #footballquiz,low — all departed
15,15,15_ucl_clubs.mp4,Can you name Champions League's top 5? ⚽,2026-09-14 18:07,20:00 (UTC+2),CHAMPIONS LEAGUE,#football #soccer #quiz #footballquiz,HIGH — 2026 final
16,16,16_ballondor.mp4,Can you name Ballon D'Or's top 5? ⚽,2026-09-14 18:30,20:00 (UTC+2),BALLON D'OR,#football #soccer #quiz #footballquiz,HIGH — 2025/26 awards
